scenario,ego_vehicle_id,ego_vtype,foe_vehicle_id,foe_vtype,ego_conflict_type,delta_speed_mps,delta_speed_kmh,minTTC,ego_speed_kmh,foe_speed_kmh,conflict_begin,conflict_end,conflict_time,ego_pos_x,ego_pos_y,scenario_number,tau
1.0,1352583,DefaultVehicle,1355634,DefaultVehicle,11,1.0,3.6,0.94,20.74,24.34,54882.2,54903.1,54896.0,15523.52,20330.14,1,0.6
1.0,1385955,DefaultVehicle,1385507,DefaultVehicle,2,4.99,17.96,1.0,18.07,0.11,55407.2,55472.9,55432.1,14414.44,19802.27,1,0.6
1.0,1406032,DefaultVehicle,1405293,DefaultVehicle,2,4.28,15.41,0.99,15.41,0.0,55871.2,55939.0,55879.7,16127.53,21886.26,1,0.6
1.0,1438633,DefaultVehicle,1439895,DefaultVehicle,2,4.2,15.12,0.98,15.12,0.0,56574.5,56631.0,56580.0,15341.62,22304.34,1,0.6
1.0,1451092,DefaultVehicle,1441255,DefaultVehicle,2,4.43,15.95,0.96,15.95,0.0,56843.4,56868.6,56851.7,16826.88,20871.54,1,0.6
1.0,1462633,DefaultVehicle,1470589,DefaultVehicle,2,4.05,14.58,0.99,14.58,0.0,57241.1,57292.0,57245.5,15346.31,19676.85,1,0.6
1.0,1491510,DefaultVehicle,1496814,DefaultVehicle,2,4.43,15.95,0.97,15.95,0.0,58167.4,58199.2,58172.5,15198.34,21234.56,1,0.6
1.0,1540074,DefaultVehicle,1534530,DefaultVehicle,11,0.08,0.29,0.81,21.92,22.21,58787.4,58809.2,58802.1,15033.58,22009.72,1,0.6
1.0,1547727,DefaultVehicle,1547180,DefaultVehicle,2,4.43,15.95,0.97,15.95,0.0,58914.1,58939.0,58919.2,17256.58,19069.5,1,0.6
1.0,1540922,DefaultVehicle,1540166,DefaultVehicle,2,4.56,16.42,0.97,16.42,0.0,59065.1,59119.9,59069.8,15544.21,20342.52,1,0.6
1.0,1547326,DefaultVehicle,1535007,DefaultVehicle,2,4.63,16.67,0.99,16.67,0.0,59282.7,59338.3,59286.7,15057.81,22008.32,1,0.6
1.0,1557682,DefaultVehicle,1559712,DefaultVehicle,2,4.05,14.58,0.95,14.58,0.0,59484.7,59517.9,59489.0,17209.89,20457.99,1,0.6
1.0,1571791,DefaultVehicle,1566299,DefaultVehicle,11,4.61,16.6,0.67,13.25,29.84,59542.6,59558.3,59550.7,16060.65,19390.05,1,0.6
1.0,1701610,DefaultVehicle,1707739,DefaultVehicle,11,2.08,7.49,0.82,21.56,29.05,62438.0,62463.1,62455.0,16026.65,19094.67,1,0.6
1.0,1714079,DefaultVehicle,1713931,DefaultVehicle,2,4.01,14.44,0.98,14.76,0.32,62515.5,62598.9,62560.5,16896.5,20982.57,1,0.6
1.0,1719319,DefaultVehicle,1703332,DefaultVehicle,2,3.34,12.02,1.0,12.02,0.0,62635.0,62665.0,62662.0,14396.7,20506.49,1,0.6
1.0,1712135,DefaultVehicle,1725228,DefaultVehicle,11,3.97,14.29,0.77,12.17,26.46,62827.7,62845.7,62838.0,16063.1,19404.32,1,0.6
1.0,1777446,DefaultVehicle,1777092,DefaultVehicle,2,4.14,14.9,0.98,14.9,0.0,63922.9,64109.0,63927.3,14151.32,19796.15,1,0.6
1.0,1826474,DefaultVehicle,1822806,DefaultVehicle,2,4.44,15.98,0.98,15.98,0.0,65352.9,65394.7,65358.7,14935.13,21194.24,1,0.6
1.0,1836703,DefaultVehicle,1844221,DefaultVehicle,11,0.79,2.84,0.95,26.06,23.22,65537.3,65553.0,65546.0,17080.29,19917.29,1,0.6
1.0,1842379,DefaultVehicle,1840577,DefaultVehicle,11,0.66,2.38,0.99,20.34,22.72,65635.7,65660.2,65653.0,15523.52,20330.14,1,0.6
1.0,1873779,DefaultVehicle,1870327,DefaultVehicle,2,3.41,12.28,0.98,12.28,0.0,66269.4,66405.0,66311.0,14852.87,19828.68,1,0.6
1.0,1888079,DefaultVehicle,1887699,DefaultVehicle,2,3.8,13.68,0.96,13.68,0.0,66552.6,66562.9,66557.0,17316.58,20514.77,1,0.6
1.0,1943832,DefaultVehicle,1951496,DefaultVehicle,2,4.57,16.45,1.0,16.45,0.0,68158.2,68166.6,68162.5,15642.85,19056.85,1,0.6
1.0,1952209,DefaultVehicle,1951511,DefaultVehicle,2,4.04,14.54,0.94,14.54,0.0,68366.2,68399.9,68371.4,15607.22,19066.8,1,0.6
2.0,1345548,F2,1346424,DefaultVehicle,2,3.7,13.32,0.08,13.32,0.0,54555.8,54693.0,54685.8,17100.48,19910.85,2,0.6
2.0,1412064,DefaultVehicle,1408886,F2,2,4.15,14.94,0.98,14.94,0.0,56011.9,56066.5,56048.3,16743.8,20436.37,2,0.6
2.0,1426818,F2,1427213,DefaultVehicle,111,6.37,22.93,0.0,33.44,10.51,56404.4,56422.7,56421.2,17083.26,19920.68,2,0.6
2.0,1430755,DefaultVehicle,1428917,DefaultVehicle,2,5.13,18.47,0.97,18.47,0.0,56520.0,56541.5,56524.0,15921.41,20832.23,2,0.6
2.0,1464413,DefaultVehicle,1462465,DefaultVehicle,2,4.1,14.76,0.96,14.76,0.0,57182.8,57194.4,57186.9,15601.46,21902.73,2,0.6
2.0,1564152,DefaultVehicle,1565094,DefaultVehicle,2,4.26,15.34,0.95,15.34,0.0,59324.6,59386.1,59375.4,16060.59,19373.69,2,0.6
2.0,1566877,DefaultVehicle,1567319,DefaultVehicle,11,2.03,7.31,0.83,20.48,27.79,59483.1,59516.6,59503.0,15637.16,20982.78,2,0.6
2.0,1590407,DefaultVehicle,1598276,DefaultVehicle,2,3.63,13.07,0.98,13.07,0.0,60056.2,60070.9,60063.0,15890.26,20814.31,2,0.6
2.0,1593335,DefaultVehicle,1596265,DefaultVehicle,2,4.2,15.12,1.0,15.12,0.0,60256.5,60354.0,60279.0,15313.37,20320.12,2,0.6
2.0,1618300,DefaultVehicle,1614796,DefaultVehicle,2,4.43,15.95,1.0,15.95,0.0,60506.8,60554.4,60511.1,16748.44,19666.51,2,0.6
2.0,1637093,DefaultVehicle,1631376,DefaultVehicle,2,4.13,14.87,0.97,14.87,0.0,61240.2,61305.9,61244.7,17209.89,20457.99,2,0.6
2.0,1645339,DefaultVehicle,1650054,DefaultVehicle,2,4.47,16.09,0.98,16.09,0.0,61326.1,61351.0,61332.0,16749.06,20411.31,2,0.6
2.0,1686261,DefaultVehicle,1682554,DefaultVehicle,2,4.42,15.91,0.97,15.91,0.0,62040.9,62061.9,62047.1,16622.01,20473.69,2,0.6
2.0,1723599,DefaultVehicle,1727503,DefaultVehicle,11,8.88,31.97,0.95,3.64,35.6,63059.4,63071.4,63064.0,16175.65,20384.69,2,0.6
2.0,1734303,DefaultVehicle,1735877,DefaultVehicle,2,4.3,15.48,0.97,15.48,0.0,63175.3,63303.0,63179.6,16862.29,19316.49,2,0.6
2.0,1791638,DefaultVehicle,1776405,DefaultVehicle,2,4.35,15.66,0.96,15.66,0.0,64369.4,64415.2,64400.0,17246.33,20404.68,2,0.6
2.0,1796610,DefaultVehicle,1783333,DefaultVehicle,2,4.48,16.13,0.97,16.13,0.0,64506.2,64516.8,64510.4,17054.79,19926.47,2,0.6
2.0,1832551,DefaultVehicle,1831209,DefaultVehicle,2,2.42,8.71,0.98,8.71,0.0,65302.0,65398.2,65388.0,14979.45,20229.25,2,0.6
2.0,1834541,DefaultVehicle,1835910,DefaultVehicle,2,4.44,15.98,0.99,15.98,0.0,65576.3,65667.4,65581.7,16456.7,21143.47,2,0.6
2.0,1863171,DefaultVehicle,1862551,F2,2,4.47,16.09,0.95,16.09,0.0,65921.0,65967.9,65926.0,16025.0,19012.39,2,0.6
2.0,1920869,DefaultVehicle,1921027,DefaultVehicle,2,3.24,11.66,0.98,11.66,0.0,67323.1,67462.6,67334.0,17243.15,20473.08,2,0.6
2.0,1916655,DefaultVehicle,1931887,DefaultVehicle,2,4.49,16.16,0.95,16.16,0.0,67600.7,67615.3,67605.4,14428.49,20277.04,2,0.6
2.0,1928999,DefaultVehicle,1925726,DefaultVehicle,2,4.0,14.4,0.97,14.4,0.0,67620.5,67702.2,67669.9,15818.98,20362.37,2,0.6
2.0,1948568,DefaultVehicle,1948179,DefaultVehicle,2,4.21,15.16,0.97,15.16,0.0,68000.5,68011.9,68004.8,16215.5,22414.15,2,0.6
2.0,1959294,DefaultVehicle,1955878,DefaultVehicle,2,4.4,15.84,0.97,15.84,0.0,68280.4,68302.4,68284.6,16855.83,19254.6,2,0.6
3.0,1354488,F2,1353951,DefaultVehicle,2,2.44,8.78,0.97,9.86,1.08,54742.5,54889.0,54862.3,16963.96,19967.52,3,0.6
3.0,1408396,DefaultVehicle,1397998,DefaultVehicle,2,4.43,15.95,0.95,15.95,0.0,55971.0,55999.0,55975.2,14982.24,22302.92,3,0.6
3.0,1408861,DefaultVehicle,1427847,DefaultVehicle,111,12.78,46.01,0.0,46.01,0.0,56326.8,56335.4,56331.5,17127.65,21427.77,3,0.6
3.0,1428211,F2,1428561,DefaultVehicle,2,3.32,11.95,0.37,14.08,2.12,56356.2,56366.1,56364.1,16849.66,19029.87,3,0.6
3.0,1479257,DefaultVehicle,1474138,DefaultVehicle,11,2.96,10.66,0.88,12.6,23.26,57445.0,57472.7,57466.0,17228.37,20466.8,3,0.6
3.0,1490799,DefaultVehicle,1490552,DefaultVehicle,2,4.54,16.34,0.97,16.34,0.0,57671.0,57747.0,57678.6,14130.33,19795.64,3,0.6
3.0,1564715,DefaultVehicle,1576535,DefaultVehicle,2,4.6,16.56,0.98,16.56,0.0,59638.0,59762.5,59642.7,15486.59,21903.41,3,0.6
3.0,1595942,DefaultVehicle,1590085,DefaultVehicle,2,4.57,16.45,0.97,16.45,0.0,60160.9,60173.8,60167.5,16456.7,21143.47,3,0.6
3.0,1608792,F2,1610648,DefaultVehicle,2,2.61,9.4,0.82,9.4,0.0,60283.1,60482.2,60467.9,15284.99,20268.97,3,0.6
3.0,1613203,DefaultVehicle,1612163,DefaultVehicle,2,4.26,15.34,0.96,15.34,0.0,60470.2,60588.5,60475.2,16351.49,20400.45,3,0.6
3.0,1629153,DefaultVehicle,1624953,DefaultVehicle,2,4.08,14.69,0.95,14.69,0.0,60851.6,60877.0,60856.1,16276.42,21893.46,3,0.6
3.0,1652667,F4,1661579,DefaultVehicle,11,0.54,1.94,0.87,17.89,15.95,61470.0,61485.0,61478.0,14991.61,20276.14,3,0.6
3.0,1701620,DefaultVehicle,1705686,DefaultVehicle,2,4.45,16.02,0.97,16.02,0.0,62388.3,62433.6,62394.0,16284.39,19182.07,3,0.6
3.0,1720774,DefaultVehicle,1724120,DefaultVehicle,2,4.06,14.62,0.96,14.62,0.0,62913.8,62933.7,62922.0,16728.58,20425.51,3,0.6
3.0,1765053,DefaultVehicle,1764409,DefaultVehicle,2,4.05,14.58,0.95,14.58,0.0,63654.5,63821.1,63659.0,16857.42,19268.51,3,0.6
3.0,1760423,DefaultVehicle,1775512,DefaultVehicle,2,4.32,15.55,1.0,15.55,0.0,63938.2,64004.3,63942.5,16155.66,20375.51,3,0.6
3.0,1771309,DefaultVehicle,1772077,DefaultVehicle,2,4.33,15.59,0.98,15.59,0.0,63821.1,63974.9,63964.7,15295.68,20127.1,3,0.6
3.0,1783746,DefaultVehicle,1771098,DefaultVehicle,11,2.0,7.2,0.69,14.22,21.42,64090.8,64120.8,64114.0,17228.37,20466.8,3,0.6
3.0,1782276,F4,1767523,DefaultVehicle,2,2.83,10.19,0.87,10.44,0.25,64029.0,64138.0,64128.1,15110.27,19780.12,3,0.6
3.0,1802937,DefaultVehicle,1802704,DefaultVehicle,2,4.08,14.69,0.98,14.69,0.0,64599.0,64641.7,64603.2,16876.1,19307.14,3,0.6
3.0,1812615,F2,1810917,DefaultVehicle,2,1.5,5.4,0.17,5.4,0.0,64754.5,64824.0,64817.4,17194.07,20155.23,3,0.6
3.0,1799658,DefaultVehicle,1809574,DefaultVehicle,2,4.38,15.77,0.96,15.77,0.0,64817.8,64851.0,64822.0,15642.85,19056.85,3,0.6
3.0,1832323,DefaultVehicle,1831418,DefaultVehicle,2,4.32,15.55,0.98,15.55,0.0,65418.1,65519.2,65422.3,15855.48,20846.79,3,0.6
3.0,1937107,DefaultVehicle,1923752,DefaultVehicle,11,3.33,11.99,0.85,12.85,24.84,67739.1,67772.6,67766.0,17228.37,20466.8,3,0.6
3.0,1944572,DefaultVehicle,1942304,DefaultVehicle,11,0.96,3.46,0.95,20.7,24.16,68102.9,68121.1,68114.1,15523.52,20330.14,3,0.6
4.0,1403066,DefaultVehicle,1394842,DefaultVehicle,2,4.6,16.56,0.98,16.78,0.22,55860.7,55932.0,55908.3,16967.23,19991.48,4,0.6
4.0,1423052,F2,1425691,DefaultVehicle,2,1.21,4.36,0.36,4.43,0.07,56364.2,56467.4,56440.6,15510.32,21057.78,4,0.6
4.0,1480574,DefaultVehicle,1481316,DefaultVehicle,2,4.08,14.69,0.99,14.76,0.07,57462.0,57525.0,57473.0,15595.71,19027.98,4,0.6
4.0,1550511,DefaultVehicle,1555427,DefaultVehicle,11,7.33,26.39,0.89,30.53,4.14,59179.5,59199.6,59188.0,15660.85,22254.15,4,0.6
4.0,1574164,F2,1573987,DefaultVehicle,2,3.61,13.0,0.06,13.0,0.0,59493.0,59576.5,59570.1,14648.66,19809.79,4,0.6
4.0,1567972,DefaultVehicle,1577260,DefaultVehicle,2,4.66,16.78,0.99,16.78,0.0,59627.4,59706.1,59632.0,17247.58,19409.63,4,0.6
4.0,1595601,DefaultVehicle,1594914,DefaultVehicle,2,4.25,15.3,0.99,15.3,0.0,59961.9,59991.8,59976.8,16033.82,19059.35,4,0.6
4.0,1630279,F2,1631153,DefaultVehicle,2,1.25,4.5,0.23,4.5,0.0,60869.0,60948.1,60940.6,17239.34,20440.78,4,0.6
4.0,1643368,DefaultVehicle,1643266,F2,2,4.29,15.44,0.94,15.44,0.0,60983.2,61070.5,61018.0,15012.83,22027.12,4,0.6
4.0,1653893,DefaultVehicle,1653777,F2,2,3.66,13.18,0.98,13.18,0.0,61213.0,61243.9,61237.0,15662.72,22233.25,4,0.6
4.0,1659550,F2,1659464,F2,2,3.73,13.43,0.12,15.77,2.34,61333.8,61372.9,61367.8,17280.19,19380.66,4,0.6
4.0,1655553,F2,1652621,DefaultVehicle,2,4.81,17.32,0.12,17.32,0.0,61396.4,61416.9,61409.6,16639.19,20488.85,4,0.6
4.0,1671827,DefaultVehicle,1678718,DefaultVehicle,11,11.55,41.58,0.93,45.29,3.71,61786.2,61801.2,61790.0,17226.45,20459.19,4,0.6
4.0,1685055,DefaultVehicle,1688423,DefaultVehicle,2,3.88,13.97,0.99,13.97,0.0,61997.5,62017.6,62002.0,16244.38,20655.57,4,0.6
4.0,1763741,DefaultVehicle,1762932,DefaultVehicle,2,4.19,15.08,0.97,15.08,0.0,63611.9,63716.0,63651.5,17277.28,19383.36,4,0.6
4.0,1763075,F2,1766145,DefaultVehicle,2,2.3,8.28,0.12,8.28,0.0,63663.0,63708.8,63705.0,16805.34,19011.48,4,0.6
4.0,1780914,DefaultVehicle,1786276,DefaultVehicle,2,4.58,16.49,0.98,16.49,0.0,64142.9,64221.9,64199.4,16026.57,19130.58,4,0.6
4.0,1807793,F2,1813266,DefaultVehicle,2,3.58,12.89,0.14,12.96,0.07,64872.5,64965.0,64956.1,16876.13,20944.71,4,0.6
4.0,1830083,DefaultVehicle,1830836,DefaultVehicle,2,3.94,14.18,0.99,14.29,0.11,65408.9,65467.0,65456.7,16597.93,20483.99,4,0.6
4.0,1831522,F2,1832831,DefaultVehicle,2,2.89,10.4,0.4,14.98,4.57,65612.6,65778.9,65697.3,15625.13,21886.52,4,0.6
4.0,1840394,DefaultVehicle,1841251,DefaultVehicle,2,4.3,15.48,0.99,15.48,0.0,65736.3,65751.0,65741.9,14627.76,20266.49,4,0.6
4.0,1870806,F2,1870477,F2,2,2.89,10.4,0.88,10.4,0.0,66100.0,66203.1,66192.1,14651.22,19809.84,4,0.6
4.0,1870129,DefaultVehicle,1871575,DefaultVehicle,2,4.37,15.73,0.96,15.73,0.0,66329.7,66380.4,66354.0,17049.25,19930.75,4,0.6
4.0,1927984,DefaultVehicle,1928197,DefaultVehicle,2,4.39,15.8,0.98,15.8,0.0,67542.6,67628.2,67546.9,17278.33,19392.59,4,0.6
4.0,1927755,DefaultVehicle,1914382,F2,2,4.47,16.09,0.97,16.09,0.0,67629.5,67639.0,67633.6,16971.08,19992.47,4,0.6
5.0,1354365,DefaultVehicle,1353169,F4,2,4.31,15.52,0.98,15.52,0.0,54781.2,54901.9,54803.9,14873.5,19942.01,5,0.6
5.0,1346550,F4,1353970,F2,11,0.13,0.47,0.88,17.89,18.36,54787.0,54810.7,54804.0,14991.6,20276.09,5,0.6
5.0,1361094,DefaultVehicle,1361004,F2,2,3.71,13.36,1.0,13.36,0.0,55064.1,55133.7,55084.2,16570.06,20407.68,5,0.6
5.0,1365545,F4,1373934,DefaultVehicle,2,1.93,6.95,0.16,10.12,3.17,55413.7,55425.9,55425.9,14452.67,20252.72,5,0.6
5.0,1408892,DefaultVehicle,1408169,F2,2,4.45,16.02,0.98,16.02,0.0,55924.7,55974.5,55929.0,16010.84,19091.46,5,0.6
5.0,1420376,F2,1420185,DefaultVehicle,2,2.05,7.38,0.1,7.38,0.0,56143.0,56254.7,56246.0,15638.74,22247.07,5,0.6
5.0,1436426,DefaultVehicle,1425375,F4,2,4.23,15.23,0.97,15.23,0.0,56506.7,56617.1,56511.7,15804.96,20350.79,5,0.6
5.0,1489641,DefaultVehicle,1487710,DefaultVehicle,2,4.32,15.55,0.96,15.55,0.0,57712.7,57981.5,57718.5,16090.27,19396.15,5,0.6
5.0,1504774,DefaultVehicle,1510139,DefaultVehicle,11,3.1,11.16,1.0,17.53,28.69,58098.3,58126.1,58115.5,17239.73,19065.78,5,0.6
5.0,1508424,F4,1510649,F2,2,1.41,5.08,0.37,5.08,0.0,58151.5,58343.4,58287.2,17256.42,19412.54,5,0.6
5.0,1650585,F2,1642175,F4,2,2.94,10.58,0.9,10.58,0.0,61208.5,61308.9,61286.5,15285.35,20264.19,5,0.6
5.0,1676857,F2,1676854,DefaultVehicle,2,2.72,9.79,0.08,10.76,0.97,61709.0,61771.7,61766.6,15297.36,21935.54,5,0.6
5.0,1681684,DefaultVehicle,1691456,DefaultVehicle,2,4.29,15.44,0.96,15.44,0.0,62055.8,62081.9,62064.2,15199.22,21234.08,5,0.6
5.0,1691281,DefaultVehicle,1692564,DefaultVehicle,2,4.49,16.16,0.99,16.16,0.0,62094.6,62136.2,62098.8,16183.52,20665.48,5,0.6
5.0,1722575,DefaultVehicle,1711826,DefaultVehicle,2,4.35,15.66,0.98,15.66,0.0,62893.3,62905.0,62897.6,15689.16,20962.95,5,0.6
5.0,1762501,DefaultVehicle,1760804,F4,11,7.73,27.83,0.79,15.44,43.27,63590.0,63603.0,63596.0,16201.75,22408.21,5,0.6
5.0,1751705,F2,1756957,DefaultVehicle,2,5.12,18.43,0.28,18.61,0.18,63578.5,63609.7,63608.0,14452.0,20252.67,5,0.6
5.0,1751614,F2,1752970,F2,2,2.99,10.76,0.1,10.76,0.0,63652.3,63683.2,63680.9,15816.39,20365.41,5,0.6
5.0,1876534,F2,1875677,F2,2,4.58,16.49,0.68,20.88,4.39,66272.4,66419.9,66412.8,17177.68,20113.67,5,0.6
5.0,1900030,DefaultVehicle,1899756,DefaultVehicle,2,4.27,15.37,0.96,15.37,0.0,66904.0,66943.0,66908.8,16649.08,19252.93,5,0.6
5.0,1927907,DefaultVehicle,1924678,DefaultVehicle,2,4.17,15.01,0.98,15.01,0.0,67512.6,67570.1,67523.2,17278.86,19397.26,5,0.6
5.0,1919858,DefaultVehicle,1917123,DefaultVehicle,2,4.57,16.45,0.99,16.45,0.0,67536.7,67561.1,67547.0,17060.1,19922.3,5,0.6
5.0,1934068,F4,1926393,F2,2,2.77,9.97,0.08,9.97,0.0,67635.7,67673.6,67666.4,15816.39,20365.41,5,0.6
5.0,1927382,DefaultVehicle,1940877,F2,2,4.29,15.44,0.97,15.44,0.0,67882.5,67899.0,67886.8,15640.57,19056.54,5,0.6
5.0,1949677,F2,1949600,F4,2,2.65,9.54,0.73,9.54,0.0,68020.0,68252.8,68225.7,16176.6,20353.03,5,0.6
6.3,1322490,F2,1327056,F4,2,2.42,8.71,0.16,8.71,0.0,54191.7,54203.9,54201.6,16680.3,20362.66,6,0.6
6.3,1330018,F2,1333098,DefaultVehicle,2,1.35,4.86,0.52,6.48,1.62,54279.1,54357.4,54296.3,15386.25,19610.87,6,0.6
6.3,1359847,F2,1355909,F2,2,1.07,3.85,0.19,3.85,0.0,55031.1,55147.0,55141.4,14832.97,19847.38,6,0.6
6.3,1390374,F4,1390341,DefaultVehicle,2,3.15,11.34,0.12,12.17,0.83,55500.3,55550.5,55542.4,14382.6,20549.43,6,0.6
6.3,1376407,DefaultVehicle,1376726,F4,2,4.32,15.55,0.95,15.55,0.0,55574.3,55632.0,55623.3,16174.91,22398.57,6,0.6
6.3,1423545,DefaultVehicle,1418262,F2,2,4.66,16.78,0.99,16.78,0.0,56322.2,56332.9,56326.3,14181.72,19806.97,6,0.6
6.3,1426980,F2,1429956,F2,2,1.6,5.76,0.13,5.76,0.0,56439.6,56470.5,56461.8,15861.0,21900.22,6,0.6
6.3,1533005,F2,1541304,F4,2,3.44,12.38,0.61,12.38,0.0,58918.7,58941.6,58928.5,15783.41,20344.01,6,0.6
6.3,1542865,DefaultVehicle,1550018,F2,2,3.45,12.42,0.99,12.42,0.0,58959.0,59070.5,59007.8,16965.43,19969.5,6,0.6
6.3,1574460,DefaultVehicle,1574434,F2,2,3.16,11.38,1.0,11.38,0.0,59501.2,59601.9,59555.2,14978.8,20264.5,6,0.6
6.3,1576929,F2,1574148,F4,2,2.1,7.56,0.59,11.09,3.53,59803.3,59955.8,59837.5,17051.57,19928.96,6,0.6
6.3,1599832,F2,1601307,DefaultVehicle,2,3.19,11.48,0.86,12.92,1.44,60122.9,60255.5,60219.0,17323.66,19642.37,6,0.6
6.3,1602970,DefaultVehicle,1605402,F4,2,3.98,14.33,1.0,14.33,0.0,60281.7,60332.1,60286.0,14988.98,20253.81,6,0.6
6.3,1647316,DefaultVehicle,1646834,F2,2,4.4,15.84,0.99,15.84,0.0,61076.7,61111.0,61080.9,15459.3,19432.95,6,0.6
6.3,1685849,DefaultVehicle,1693023,F2,2,4.21,15.16,0.95,15.16,0.0,62109.6,62204.9,62173.1,15226.06,21539.26,6,0.6
6.3,1743292,F4,1743244,F2,2,5.23,18.83,0.89,22.14,3.31,63160.1,63300.1,63295.0,16124.91,19924.36,6,0.6
6.3,1776965,DefaultVehicle,1777990,DefaultVehicle,111,0.04,0.14,0.0,7.49,7.34,63935.3,63954.8,63952.8,17235.51,19051.66,6,0.6
6.3,1798502,DefaultVehicle,1797017,F2,2,4.47,16.09,0.99,16.09,0.0,64457.2,64500.4,64461.4,15371.96,19649.88,6,0.6
6.3,1798126,F4,1800662,F4,2,5.39,19.4,0.62,21.42,2.02,64681.6,64768.3,64723.0,16876.62,20945.4,6,0.6
6.3,1826752,F2,1826612,DefaultVehicle,2,3.95,14.22,0.51,17.71,3.49,65062.0,65137.2,65113.5,14599.79,19808.94,6,0.6
6.3,1831668,F4,1833414,DefaultVehicle,2,1.77,6.37,0.12,7.74,1.37,65348.2,65422.5,65412.4,15920.23,20829.23,6,0.6
6.3,1861271,F4,1873841,DefaultVehicle,2,4.49,16.16,0.51,16.2,0.04,66182.5,66281.9,66243.5,15656.73,19058.74,6,0.6
6.3,1905601,DefaultVehicle,1913983,DefaultVehicle,111,12.57,45.25,0.0,45.25,0.0,67155.2,67163.6,67159.9,17127.32,21427.12,6,0.6
6.3,1931971,DefaultVehicle,1931225,DefaultVehicle,2,3.78,13.61,0.95,13.61,0.0,67601.7,67697.4,67607.0,16002.49,19090.54,6,0.6
6.3,1931737,DefaultVehicle,1931424,F2,2,4.48,16.13,0.95,16.13,0.0,67659.1,67669.0,67664.0,16615.32,20473.32,6,0.6
7.0,1326769,DefaultVehicle,1325749,DefaultVehicle,2,4.38,15.77,0.97,15.77,0.0,54303.3,54317.9,54307.6,15499.88,20320.34,7,0.6
7.0,1339278,F4,1339045,DefaultVehicle,2,1.39,5.0,0.33,6.26,1.26,54447.3,54585.5,54540.3,16237.85,18969.07,7,0.6
7.0,1408892,F2,1406627,F2,2,3.2,11.52,0.15,11.52,0.0,55898.0,56004.1,55997.6,16608.46,19226.07,7,0.6
7.0,1418370,F4,1418989,F4,2,2.78,10.01,0.87,23.22,13.21,56239.8,56367.5,56321.7,16286.78,20377.98,7,0.6
7.0,1439924,DefaultVehicle,1434155,F2,11,12.82,46.15,0.98,3.85,50.0,56648.9,56661.4,56654.0,15621.89,21903.83,7,0.6
7.0,1443016,F4,1438165,DefaultVehicle,11,0.37,1.33,0.94,19.94,21.28,56799.9,56822.0,56814.5,15523.52,20330.14,7,0.6
7.0,1472214,DefaultVehicle,1465080,F2,2,3.41,12.28,0.98,12.28,0.0,57278.3,57306.9,57288.0,17232.98,19084.06,7,0.6
7.0,1471975,F2,1471409,DefaultVehicle,2,0.98,3.53,0.28,3.53,0.0,57253.0,57308.0,57301.7,14401.76,19802.03,7,0.6
7.0,1569106,F2,1564135,F4,2,2.69,9.68,0.79,9.68,0.0,59569.1,59737.2,59611.1,15298.31,20322.07,7,0.6
7.0,1582254,DefaultVehicle,1585130,F4,2,4.33,15.59,0.99,15.59,0.0,59761.0,59852.0,59782.3,14873.5,19942.01,7,0.6
7.0,1693391,F2,1695151,DefaultVehicle,2,2.36,8.5,0.17,12.06,3.56,62443.2,62467.3,62460.3,17059.57,19922.71,7,0.6
7.0,1719126,F4,1719015,DefaultVehicle,2,2.21,7.96,0.1,9.5,1.55,62626.0,62677.3,62671.4,16900.02,20989.54,7,0.6
7.0,1714554,F4,1707614,F4,2,2.48,8.93,0.84,8.93,0.0,62680.0,62746.9,62723.5,16156.92,20369.19,7,0.6
7.0,1737934,DefaultVehicle,1732313,F4,2,4.46,16.06,0.95,16.06,0.0,63202.2,63219.7,63206.7,16616.5,20474.05,7,0.6
7.0,1735518,F2,1729095,DefaultVehicle,2,3.21,11.56,0.83,12.96,1.4,63161.8,63279.1,63208.5,15640.11,20953.18,7,0.6
7.0,1767545,F2,1768211,F2,2,2.8,10.08,0.81,10.08,0.0,63729.1,63926.9,63787.0,15328.91,19780.86,7,0.6
7.0,1772467,F2,1772345,DefaultVehicle,2,2.9,10.44,0.97,11.16,0.72,63807.0,63920.9,63909.5,15108.71,19786.9,7,0.6
7.0,1855180,F4,1856464,F4,2,1.63,5.87,0.2,5.87,0.0,65928.9,65954.8,65948.1,15507.65,20321.08,7,0.6
7.0,1858826,F4,1854647,F4,11,0.29,1.04,0.98,21.2,20.16,66056.5,66074.1,66066.5,15788.15,19772.99,7,0.6
7.0,1903830,DefaultVehicle,1901323,DefaultVehicle,2,4.24,15.26,0.99,15.26,0.0,67196.7,67240.7,67224.0,17308.98,20470.83,7,0.6
7.0,1918828,F2,1918694,F4,2,2.37,8.53,0.58,8.53,0.0,67249.0,67395.8,67308.8,14425.88,19809.55,7,0.6
7.0,1914456,DefaultVehicle,1902413,DefaultVehicle,2,4.39,15.8,0.98,15.8,0.0,67279.6,67383.8,67328.0,16875.98,20944.49,7,0.6
7.0,1923079,F2,1923418,F2,2,1.3,4.68,0.27,4.68,0.0,67376.6,67399.0,67398.9,17282.19,19398.29,7,0.6
7.0,1945477,F4,1942552,DefaultVehicle,2,2.65,9.54,0.76,9.58,0.04,68123.0,68144.9,68137.2,15545.02,20332.96,7,0.6
7.0,1958643,F2,1959185,DefaultVehicle,2,4.12,14.83,0.05,14.83,0.0,68316.1,68350.9,68343.8,15328.17,19784.37,7,0.6
8.0,1409140,F2,1407641,DefaultVehicle,2,2.37,8.53,0.21,11.12,2.59,56080.2,56126.3,56102.0,16557.47,20404.02,8,0.6
8.0,1489912,DefaultVehicle,1484845,F2,2,4.23,15.23,0.96,15.23,0.0,57744.4,57800.6,57752.9,15255.53,20287.81,8,0.6
8.0,1520100,F2,1526469,F2,2,2.61,9.4,1.0,9.4,0.0,58513.7,58613.5,58588.0,15346.01,19677.72,8,0.6
8.0,1533289,F2,1533231,F2,2,2.17,7.81,0.57,7.81,0.0,58601.2,58725.7,58682.1,15441.51,21896.08,8,0.6
8.0,1553531,F2,1553285,F2,2,1.93,6.95,0.11,6.95,0.0,59036.0,59106.8,59106.8,15319.93,21929.42,8,0.6
8.0,1577049,F2,1577735,F2,2,3.28,11.81,0.66,11.81,0.0,59812.1,59839.9,59824.0,16677.83,20362.05,8,0.6
8.0,1586271,DefaultVehicle,1579787,DefaultVehicle,2,3.81,13.72,0.98,13.75,0.04,59815.6,59848.2,59838.9,15508.12,20317.9,8,0.6
8.0,1604768,DefaultVehicle,1604668,F2,2,4.43,15.95,0.96,15.95,0.0,60371.1,60543.3,60401.1,16157.96,20375.67,8,0.6
8.0,1608222,F2,1606704,F4,2,1.29,4.64,0.28,4.64,0.0,60403.6,60526.9,60520.8,15299.22,20312.51,8,0.6
8.0,1618396,F2,1620242,DefaultVehicle,2,1.81,6.52,0.18,10.37,3.85,60645.6,60689.7,60682.8,16232.49,20662.34,8,0.6
8.0,1669373,F4,1673228,DefaultVehicle,2,2.74,9.86,0.79,9.9,0.04,61646.1,61720.0,61705.2,17097.29,19958.01,8,0.6
8.0,1712645,DefaultVehicle,1712544,F2,2,4.48,16.13,0.94,16.13,0.0,62489.3,62623.1,62554.9,15313.41,21931.17,8,0.6
8.0,1725888,F2,1721437,F2,2,2.49,8.96,0.76,8.96,0.0,62836.4,63008.7,62937.5,15297.31,20108.55,8,0.6
8.0,1729880,F4,1729798,DefaultVehicle,2,2.42,8.71,0.89,8.71,0.0,62894.3,63070.8,62980.1,15282.87,22316.23,8,0.6
8.0,1748977,F2,1741905,F4,2,1.91,6.88,0.15,6.88,0.0,63482.2,63503.1,63494.4,16327.16,20380.75,8,0.6
8.0,1764319,F4,1750514,DefaultVehicle,2,3.88,13.97,0.1,13.97,0.0,63829.9,63869.8,63860.0,14620.9,20265.89,8,0.6
8.0,1787976,F2,1784324,F2,2,6.4,23.04,0.94,23.04,0.0,64206.9,64263.2,64250.5,16725.16,20391.97,8,0.6
8.0,1796294,F4,1796392,F2,2,1.99,7.16,0.5,7.16,0.0,64349.0,64449.6,64443.5,16686.32,20500.1,8,0.6
8.0,1828981,F4,1824857,F4,2,3.69,13.28,0.36,13.28,0.0,65304.0,65367.2,65343.7,16327.16,20380.75,8,0.6
8.0,1834180,F4,1840678,F2,2,1.68,6.05,0.39,6.05,0.0,65589.0,65615.6,65606.4,16570.06,20407.68,8,0.6
8.0,1850737,DefaultVehicle,1850540,F2,2,4.3,15.48,0.99,15.48,0.0,65632.0,65965.0,65673.0,15200.67,19391.67,8,0.6
8.0,1879305,F2,1875246,F2,2,3.35,12.06,0.6,12.06,0.0,66553.5,66561.5,66558.3,16722.45,20393.67,8,0.6
8.0,1881433,F4,1867512,DefaultVehicle,2,1.35,4.86,0.17,4.9,0.04,66547.5,66622.2,66616.1,14184.06,19807.05,8,0.6
8.0,1955663,F4,1939619,F4,11,1.25,4.5,0.96,20.7,25.2,68192.5,68224.7,68218.0,17228.37,20466.8,8,0.6
8.0,1958241,F2,1958030,DefaultVehicle,2,1.78,6.41,0.32,9.04,2.63,68238.5,68392.0,68360.7,16049.79,19025.9,8,0.6
9.0,1351564,F4,1352851,F4,2,1.19,4.28,0.32,4.28,0.0,54842.6,54879.2,54848.4,15599.64,20991.56,9,0.6
9.0,1414172,F4,1406537,DefaultVehicle,2,2.6,9.36,0.62,9.54,0.18,56308.6,56452.3,56415.4,17429.54,19622.71,9,0.6
9.0,1423669,F4,1420217,DefaultVehicle,2,2.32,8.35,0.17,10.48,2.12,56418.6,56476.8,56474.7,16567.39,20407.79,9,0.6
9.0,1420133,F4,1425808,F4,2,2.98,10.73,0.74,16.6,5.87,56523.7,56549.9,56543.2,16725.79,20386.73,9,0.6
9.0,1500736,DefaultVehicle,1499842,F2,2,4.38,15.77,0.99,15.77,0.0,57933.9,57944.9,57938.8,14289.99,21149.2,9,0.6
9.0,1544421,F4,1548425,F4,13,3.49,12.56,0.34,17.1,29.66,59025.6,59054.7,59048.0,17084.6,19925.93,9,0.6
9.0,1578560,F2,1578537,DefaultVehicle,2,4.34,15.62,0.1,16.81,1.19,59616.5,59664.1,59660.5,16689.29,20477.13,9,0.6
9.0,1592658,F2,1592441,DefaultVehicle,2,2.19,7.88,0.57,7.96,0.07,59915.4,60011.8,59981.2,17297.68,19558.11,9,0.6
9.0,1612928,DefaultVehicle,1621880,F4,2,4.66,16.78,0.99,16.78,0.0,60537.1,60593.8,60552.3,14988.98,20253.81,9,0.6
9.0,1624904,F2,1623291,F2,2,4.43,15.95,0.48,15.95,0.0,60616.6,60661.0,60638.5,15433.42,19468.77,9,0.6
9.0,1631376,F4,1636328,DefaultVehicle,2,3.47,12.49,0.4,12.49,0.0,60872.3,60988.2,60938.7,15248.52,20287.23,9,0.6
9.0,1649889,F2,1644685,F4,11,3.02,10.87,0.96,20.63,31.5,61187.5,61207.9,61201.5,14668.94,19820.7,9,0.6
9.0,1661494,F4,1661472,DefaultVehicle,2,3.42,12.31,0.81,13.72,1.4,61388.9,61512.8,61473.3,15296.29,20120.15,9,0.6
9.0,1691659,F4,1697329,F4,2,2.76,9.94,0.89,9.94,0.0,62397.8,62422.9,62416.0,16563.24,20401.2,9,0.6
9.0,1713090,F2,1711997,DefaultVehicle,2,1.06,3.82,0.23,4.9,1.08,62588.1,62626.3,62620.4,16193.87,20387.2,9,0.6
9.0,1718454,F4,1715723,DefaultVehicle,2,2.98,10.73,0.89,10.73,0.0,62629.6,62712.1,62660.5,14967.01,20263.56,9,0.6
9.0,1735873,DefaultVehicle,1736601,F4,2,4.33,15.59,0.96,15.59,0.0,63228.7,63304.3,63258.3,15346.58,19676.09,9,0.6
9.0,1751139,DefaultVehicle,1751731,F4,2,3.78,13.61,0.96,13.61,0.0,63493.0,63605.4,63590.0,16899.82,19608.35,9,0.6
9.0,1760999,F4,1760562,DefaultVehicle,2,1.86,6.7,0.17,11.16,4.46,63613.1,63632.4,63632.4,17100.63,19902.48,9,0.6
9.0,1768622,F2,1768723,DefaultVehicle,2,3.88,13.97,0.55,13.97,0.0,63831.1,63930.9,63895.0,15678.82,20364.93,9,0.6
9.0,1806929,DefaultVehicle,1808882,F2,11,2.98,10.73,0.87,21.67,32.4,64647.0,64667.9,64658.0,17239.74,19065.73,9,0.6
9.0,1865539,F4,1847932,F4,11,0.9,3.24,0.96,20.7,23.94,66002.5,66031.8,66025.0,17228.37,20466.8,9,0.6
9.0,1891007,F4,1889035,F4,2,2.53,9.11,0.68,9.11,0.0,66690.4,66834.2,66805.0,15150.8,21277.05,9,0.6
9.0,1920050,DefaultVehicle,1919738,DefaultVehicle,2,4.32,15.55,0.96,15.55,0.0,67389.4,67403.9,67396.8,15601.58,21899.53,9,0.6
9.0,1941110,DefaultVehicle,1934370,F2,2,4.15,14.94,0.96,14.94,0.0,67823.3,67852.1,67828.9,15621.37,21012.4,9,0.6
10.0,1393164,F2,1393925,F2,2,2.07,7.45,0.47,7.45,0.0,55591.4,55712.5,55635.1,17298.97,19567.36,10,0.6
10.0,1393287,F2,1394145,F2,2,2.33,8.39,0.09,8.39,0.0,55627.6,55744.3,55641.3,15371.96,19649.88,10,0.6
10.0,1400174,F4,1400071,F4,2,3.04,10.94,0.96,10.94,0.0,55714.3,55818.5,55806.8,16899.85,19608.59,10,0.6
10.0,1457793,F4,1449939,F4,2,2.98,10.73,0.67,14.58,3.85,56944.3,56997.4,56949.2,15475.54,19406.62,10,0.6
10.0,1467955,F2,1467796,F4,2,2.95,10.62,0.81,12.28,1.66,57163.0,57381.6,57166.0,17354.8,20482.65,10,0.6
10.0,1519993,F2,1511646,F4,11,2.91,10.48,0.92,19.51,29.99,58364.5,58387.9,58379.5,15218.26,20956.46,10,0.6
10.0,1513553,F2,1514256,F2,2,3.71,13.36,0.56,19.98,6.62,58468.9,58503.9,58477.9,16173.32,20674.63,10,0.6
10.0,1580497,F4,1578560,F2,2,2.59,9.32,0.75,9.32,0.0,59719.6,59762.0,59730.7,16582.37,20439.5,10,0.6
10.0,1625801,F2,1626081,F2,2,6.76,24.34,0.57,24.34,0.0,60705.5,60727.0,60725.5,16930.42,20046.9,10,0.6
10.0,1658171,F4,1650103,F2,2,2.65,9.54,0.73,9.54,0.0,61462.6,61582.2,61553.2,17303.3,19620.12,10,0.6
10.0,1676018,F2,1675940,F4,2,2.34,8.42,0.88,13.18,4.75,61689.0,61761.5,61749.8,14639.35,19809.63,10,0.6
10.0,1689979,F4,1701091,F2,2,2.55,9.18,0.61,16.02,6.84,62329.3,62440.7,62354.2,16877.97,20082.1,10,0.6
10.0,1721575,F2,1722172,F4,2,2.32,8.35,0.88,10.48,2.12,63016.3,63066.3,63036.0,15675.46,20974.28,10,0.6
10.0,1727547,F4,1726669,F2,2,2.84,10.22,0.96,10.22,0.0,62884.3,63127.2,63081.4,16206.67,20639.0,10,0.6
10.0,1748254,F2,1746719,F2,2,1.78,6.41,0.43,9.76,3.35,63264.0,63431.0,63299.7,15380.22,19627.33,10,0.6
10.0,1790551,F4,1775282,F2,11,8.14,29.3,0.97,20.7,50.0,64235.4,64246.6,64240.0,17228.35,20466.76,10,0.6
10.0,1832087,F2,1836522,F2,2,4.93,17.75,0.91,17.75,0.0,65491.7,65563.0,65555.5,16722.45,20393.67,10,0.6
10.0,1883976,F4,1867393,F2,11,0.25,0.9,0.97,20.7,21.6,66438.1,66460.0,66453.0,17228.35,20466.76,10,0.6
10.0,1878786,F2,1893996,F4,11,2.85,10.26,0.98,21.24,31.5,66651.8,66673.4,66663.5,17239.73,19065.78,10,0.6
10.0,1914879,F2,1914778,F4,2,5.86,21.1,0.11,21.67,0.58,67156.1,67245.7,67244.5,15502.38,21896.81,10,0.6
10.0,1927468,F4,1913743,F4,11,0.65,2.34,0.96,20.7,23.04,67485.3,67499.9,67493.0,17228.37,20466.8,10,0.6
10.0,1928895,F2,1927197,F2,11,1.68,6.05,0.98,20.95,27.0,67733.5,67757.4,67750.5,15529.25,20324.02,10,0.6
10.0,1947839,F2,1950962,F4,11,2.46,8.86,0.98,21.24,30.1,68058.0,68093.6,68083.5,17239.73,19065.78,10,0.6
10.0,1951593,F2,1954015,F2,2,1.1,3.96,0.25,3.96,0.0,68180.5,68201.5,68192.8,16847.51,19026.39,10,0.6
10.0,1953578,F2,1952900,F2,2,2.34,8.42,0.72,8.82,0.4,68275.4,68313.6,68306.0,16319.26,20380.21,10,0.6
11.0,1344718,F4,1354693,F4,2,3.74,13.46,0.97,17.89,4.43,54835.4,54955.3,54852.2,17328.44,19662.3,11,0.6
11.0,1359851,F2,1371283,F2,11,0.3,1.08,0.93,19.44,18.36,55144.0,55186.7,55180.0,14991.6,20276.09,11,0.6
11.0,1394924,F2,1391420,F2,2,3.02,10.87,0.94,10.87,0.0,55649.6,55763.4,55678.7,17298.97,19567.36,11,0.6
11.0,1396656,F2,1400200,F2,2,2.82,10.15,0.85,10.15,0.0,55743.7,55813.9,55803.6,16176.33,22399.07,11,0.6
11.0,1396216,F4,1400602,F2,111,13.89,50.0,0.0,50.0,0.0,55811.8,55819.8,55816.1,17127.62,21427.72,11,0.6
11.0,1427285,F2,1427220,F2,2,2.8,10.08,0.98,10.08,0.0,56289.0,56359.3,56350.0,16895.44,20980.44,11,0.6
11.0,1471460,F2,1470774,F2,2,2.58,9.29,0.82,9.29,0.0,57243.0,57499.4,57412.7,17045.82,19639.13,11,0.6
11.0,1483400,F4,1488966,F2,2,4.63,16.67,0.13,16.67,0.0,57728.6,57746.1,57741.0,14458.26,20253.16,11,0.6
11.0,1499595,F4,1507417,F2,2,0.95,3.42,0.46,3.42,0.0,58169.1,58199.2,58190.3,16596.77,20485.89,11,0.6
11.0,1527430,F4,1528086,F2,2,2.75,9.9,0.11,9.9,0.0,58499.4,58526.8,58521.7,17282.19,19398.29,11,0.6
11.0,1565461,F2,1578736,F2,2,4.88,17.57,0.51,22.21,4.64,59751.6,59768.4,59767.0,14449.95,20252.5,11,0.6
11.0,1628189,F4,1627614,F2,2,2.03,7.31,0.57,10.8,3.49,60779.4,60803.8,60790.0,15509.55,20314.83,11,0.6
11.0,1621991,F2,1619215,F4,2,2.96,10.66,0.22,10.66,0.0,60748.4,60845.6,60795.3,17170.13,20454.91,11,0.6
11.0,1695567,F2,1683434,F2,2,2.84,10.22,0.97,14.15,3.92,62148.7,62195.0,62187.2,14458.16,20253.15,11,0.6
11.0,1721674,F2,1732809,F2,2,2.81,10.12,0.87,10.12,0.0,62973.3,63130.1,63089.4,15284.28,20278.65,11,0.6
11.0,1752404,F2,1751867,F2,2,1.52,5.47,0.39,5.47,0.0,63363.6,63558.0,63501.7,15861.0,21900.22,11,0.6
11.0,1769491,F2,1770270,F2,2,3.3,11.88,0.62,11.88,0.0,63871.8,64095.1,64066.2,15913.24,20836.67,11,0.6
11.0,1790953,F4,1791133,F2,2,2.31,8.32,0.63,8.32,0.0,64459.3,64610.6,64566.4,14832.97,19847.38,11,0.6
11.0,1807093,F2,1811751,F4,2,2.77,9.97,0.89,9.97,0.0,64847.6,64898.3,64856.9,16725.34,20425.86,11,0.6
11.0,1829775,F4,1823655,F2,2,2.59,9.32,0.81,9.32,0.0,65379.6,65545.6,65516.4,14192.18,19807.34,11,0.6
11.0,1856307,F4,1855611,F2,2,2.33,8.39,0.54,8.39,0.0,65981.8,66234.9,66219.0,14979.71,22311.87,11,0.6
11.0,1914940,F2,1910436,F4,11,2.93,10.55,0.97,20.95,31.5,67253.8,67275.1,67268.5,15529.28,20324.06,11,0.6
11.0,1906213,F4,1908691,F2,2,2.44,8.78,0.72,8.78,0.0,67161.0,67328.9,67280.7,15347.08,19674.68,11,0.6
11.0,1927449,F2,1925361,F2,2,2.62,9.43,0.98,9.43,0.0,67548.1,67759.4,67706.9,16206.67,20639.0,11,0.6
11.0,1936588,F2,1936512,F4,2,4.24,15.26,0.49,15.26,0.0,67749.1,67786.9,67770.5,17298.76,19565.88,11,0.6
12.0,1369081,F4,1371750,F4,2,2.69,9.68,0.83,9.68,0.0,55124.3,55308.9,55221.6,17304.01,19621.45,12,0.6
12.0,1436680,F4,1448912,F4,2,11.76,42.34,0.98,45.79,3.46,56745.1,56763.0,56745.6,17477.72,19595.03,12,0.6
12.0,1435777,F2,1441661,F4,2,1.19,4.28,0.31,4.28,0.0,56738.9,56821.3,56807.8,17239.05,20441.54,12,0.6
12.0,1459383,F4,1448425,F4,2,2.87,10.33,0.96,10.33,0.0,57125.8,57174.5,57153.8,16680.3,20362.66,12,0.6
12.0,1456009,F4,1452025,F2,2,10.9,39.24,0.87,43.52,4.28,57204.6,57211.1,57208.7,14461.2,20246.96,12,0.6
12.0,1465386,F4,1469257,F4,2,3.12,11.23,0.14,11.23,0.0,57204.1,57298.3,57234.9,17187.85,20141.8,12,0.6
12.0,1480304,F2,1480329,F4,2,3.62,13.03,0.13,13.03,0.0,57668.1,57690.6,57686.8,16568.53,20407.74,12,0.6
12.0,1565779,F4,1566234,F2,2,3.32,11.95,0.15,11.95,0.0,59454.3,59487.8,59485.5,15791.21,20338.23,12,0.6
12.0,1639238,F2,1642995,F4,2,3.59,12.92,0.12,13.14,0.22,61050.6,61065.9,61055.6,16680.3,20362.66,12,0.6
12.0,1637335,F2,1631176,F2,2,2.4,8.64,0.98,19.69,11.05,61158.6,61319.5,61165.5,15215.76,21228.7,12,0.6
12.0,1668457,F2,1667558,F4,2,12.21,43.96,0.99,50.0,6.05,61558.5,61575.8,61562.0,14935.98,20270.76,12,0.6
12.0,1668473,F4,1664557,F4,11,2.03,7.31,0.87,17.89,25.2,61540.2,61578.2,61572.0,14991.61,20276.14,12,0.6
12.0,1683548,F4,1682734,F4,2,4.43,15.95,0.79,20.77,4.82,61848.0,61863.4,61853.6,14120.35,19795.4,12,0.6
12.0,1689979,F4,1687137,F4,2,2.79,10.04,0.16,11.34,1.3,62212.6,62272.9,62271.7,16586.55,20496.75,12,0.6
12.0,1712429,F4,1711500,F4,2,2.79,10.04,0.83,10.04,0.0,62479.4,62587.3,62550.7,16003.35,19090.65,12,0.6
12.0,1721574,F2,1721564,F4,2,4.46,16.06,0.84,28.04,11.99,62677.1,62925.9,62695.0,16352.27,20400.51,12,0.6
12.0,1741247,F2,1742081,F2,2,3.89,14.0,0.08,14.0,0.0,63131.4,63213.7,63202.2,15373.17,19646.58,12,0.6
12.0,1744886,F4,1742300,F4,2,3.67,13.21,0.57,13.21,0.0,63433.7,63464.8,63445.0,15508.47,20311.51,12,0.6
12.0,1764409,F4,1761960,F4,2,1.71,6.16,0.5,10.37,4.21,63824.6,63889.3,63866.7,16826.1,20870.11,12,0.6
12.0,1773180,F2,1768898,F2,2,2.89,10.4,0.11,10.4,0.0,63909.5,63918.4,63915.1,16613.21,20475.78,12,0.6
12.0,1770011,F4,1769009,F4,2,2.54,9.14,0.66,9.14,0.0,63962.4,63974.3,63965.8,16698.73,20345.22,12,0.6
12.0,1783154,F4,1783721,F2,2,3.21,11.56,0.1,11.56,0.0,64087.1,64112.2,64105.9,15378.51,19632.0,12,0.6
12.0,1824348,F2,1821973,F2,11,1.77,6.37,0.97,20.63,27.0,65114.1,65129.2,65122.5,14668.95,19820.75,12,0.6
12.0,1852079,F2,1864214,F4,2,2.67,9.61,0.08,9.97,0.36,65977.3,65999.6,65990.9,15372.48,19648.47,12,0.6
12.0,1919407,F4,1920359,F4,2,1.93,6.95,0.48,6.95,0.0,67535.8,67607.5,67592.9,16583.68,20498.94,12,0.6
1.0,1324153,DefaultVehicle,1334102,DefaultVehicle,2,4.21,15.16,0.99,15.16,0.0,54394.3,54411.8,54398.5,16567.71,20407.77,1,0.8
1.0,1354313,DefaultVehicle,1353392,DefaultVehicle,2,4.53,16.31,0.98,16.31,0.0,54905.7,54925.9,54909.8,16270.53,21896.3,1,0.8
1.0,1387394,DefaultVehicle,1377052,DefaultVehicle,11,3.2,11.52,0.82,12.96,24.48,55452.0,55467.6,55461.0,17228.37,20466.8,1,0.8
1.0,1393555,DefaultVehicle,1391911,DefaultVehicle,2,4.54,16.34,0.99,16.34,0.0,55753.6,55842.1,55758.8,16088.22,20707.78,1,0.8
1.0,1399549,DefaultVehicle,1399498,DefaultVehicle,2,4.24,15.26,0.99,15.37,0.11,55701.1,55804.1,55771.1,14799.71,19816.77,1,0.8
1.0,1417225,DefaultVehicle,1418154,DefaultVehicle,2,4.16,14.98,0.97,14.98,0.0,56280.0,56301.6,56284.8,15004.59,22329.43,1,0.8
1.0,1447749,DefaultVehicle,1438859,DefaultVehicle,2,4.26,15.34,0.97,15.34,0.0,56757.1,56840.9,56761.2,15137.68,21233.76,1,0.8
1.0,1443519,DefaultVehicle,1436498,DefaultVehicle,2,4.74,17.06,0.96,17.06,0.0,56732.6,56874.7,56849.0,15642.98,19056.87,1,0.8
1.0,1463854,DefaultVehicle,1462076,DefaultVehicle,2,4.07,14.65,0.97,14.65,0.0,57082.9,57267.7,57215.9,15286.0,20255.4,1,0.8
1.0,1535776,DefaultVehicle,1525898,DefaultVehicle,11,0.61,2.2,0.94,19.94,22.14,58689.8,58709.1,58702.0,15033.58,22009.72,1,0.8
1.0,1603607,DefaultVehicle,1595507,DefaultVehicle,13,0.8,2.88,0.88,22.72,25.6,60138.7,60159.5,60153.0,16632.5,19666.33,1,0.8
1.0,1612816,DefaultVehicle,1614194,DefaultVehicle,111,6.64,23.9,0.0,23.9,0.0,60373.5,60399.4,60382.6,17480.23,19958.5,1,0.8
1.0,1611044,DefaultVehicle,1612354,DefaultVehicle,2,4.13,14.87,0.98,14.87,0.0,60341.5,60447.5,60406.0,15313.67,19805.66,1,0.8
1.0,1642300,DefaultVehicle,1641916,DefaultVehicle,2,3.66,13.18,1.0,13.32,0.14,60979.6,61007.9,60998.9,16287.68,18978.71,1,0.8
1.0,1651536,DefaultVehicle,1654210,DefaultVehicle,2,5.05,18.18,0.99,18.43,0.25,61273.1,61293.9,61279.1,15684.74,22258.71,1,0.8
1.0,1655016,DefaultVehicle,1655590,DefaultVehicle,2,4.65,16.74,0.99,16.81,0.07,61370.7,61412.7,61381.9,16702.53,20324.21,1,0.8
1.0,1708678,DefaultVehicle,1703332,DefaultVehicle,2,4.34,15.62,0.99,15.62,0.0,62527.0,62578.2,62531.2,14978.91,20227.77,1,0.8
1.0,1716559,DefaultVehicle,1719614,DefaultVehicle,2,3.77,13.57,0.98,13.57,0.0,62636.0,62673.3,62656.1,16625.85,19004.79,1,0.8
1.0,1789941,DefaultVehicle,1784188,DefaultVehicle,2,4.46,16.06,0.99,16.06,0.0,64206.2,64230.6,64210.7,17207.77,19045.03,1,0.8
1.0,1869609,DefaultVehicle,1869375,DefaultVehicle,2,4.11,14.8,0.99,14.8,0.0,66071.0,66168.2,66076.1,17339.43,20481.34,1,0.8
1.0,1897944,DefaultVehicle,1896306,DefaultVehicle,13,0.25,0.9,0.85,23.11,22.21,66801.3,66839.5,66830.0,15270.96,20306.65,1,0.8
1.0,1918913,DefaultVehicle,1916097,DefaultVehicle,2,4.5,16.2,0.98,16.2,0.0,67253.8,67429.8,67259.0,16286.48,21929.58,1,0.8
1.0,1912796,DefaultVehicle,1908255,DefaultVehicle,11,7.85,28.26,0.61,10.94,39.2,67256.4,67276.2,67269.0,15163.9,21241.99,1,0.8
1.0,1934201,DefaultVehicle,1933958,DefaultVehicle,2,4.55,16.38,0.98,16.38,0.0,67630.0,67649.9,67640.8,14949.36,22331.83,1,0.8
1.0,1934771,DefaultVehicle,1936296,DefaultVehicle,2,3.51,12.64,0.97,12.64,0.0,67718.5,67755.5,67734.0,16492.41,21183.75,1,0.8
2.0,1340906,DefaultVehicle,1343391,F2,2,4.33,15.59,0.99,15.59,0.0,54679.0,54695.8,54683.2,15509.14,20321.22,2,0.8
2.0,1376762,DefaultVehicle,1376098,DefaultVehicle,2,4.39,15.8,0.97,15.8,0.0,55368.1,55388.9,55372.4,16176.42,20352.25,2,0.8
2.0,1436171,DefaultVehicle,1428007,DefaultVehicle,2,4.27,15.37,0.96,15.37,0.0,56524.0,56628.1,56538.3,16955.69,19956.43,2,0.8
2.0,1460495,DefaultVehicle,1464381,DefaultVehicle,2,4.14,14.9,0.95,14.9,0.0,57129.6,57181.3,57133.8,14414.62,19802.27,2,0.8
2.0,1487769,DefaultVehicle,1484430,DefaultVehicle,2,4.44,15.98,0.96,15.98,0.0,57631.6,57652.9,57636.1,15998.66,19046.4,2,0.8
2.0,1514759,DefaultVehicle,1508275,DefaultVehicle,2,4.07,14.65,0.95,14.65,0.0,58272.7,58290.9,58277.2,15643.72,21912.83,2,0.8
2.0,1540649,DefaultVehicle,1531584,DefaultVehicle,2,4.05,14.58,1.0,14.58,0.0,58810.1,58890.3,58816.1,16091.3,19527.76,2,0.8
2.0,1545129,DefaultVehicle,1543387,DefaultVehicle,2,4.13,14.87,0.99,14.87,0.0,59025.5,59032.4,59030.0,16321.45,20383.58,2,0.8
2.0,1555649,DefaultVehicle,1552449,DefaultVehicle,2,4.47,16.09,0.97,16.09,0.0,59108.7,59238.5,59113.1,15998.66,19046.4,2,0.8
2.0,1553924,DefaultVehicle,1554810,DefaultVehicle,2,3.95,14.22,0.98,14.22,0.0,59105.3,59254.3,59121.1,15469.27,19419.62,2,0.8
2.0,1586688,DefaultVehicle,1582772,DefaultVehicle,11,0.15,0.54,0.91,21.85,21.31,59984.0,60002.4,59995.0,15523.52,20330.14,2,0.8
2.0,1595658,DefaultVehicle,1588864,F2,2,4.31,15.52,0.98,15.52,0.0,60119.4,60272.0,60123.6,16190.32,20396.56,2,0.8
2.0,1649594,DefaultVehicle,1648235,DefaultVehicle,11,0.7,2.52,0.79,20.02,22.54,61292.2,61318.2,61311.0,15529.28,20324.06,2,0.8
2.0,1664040,DefaultVehicle,1673668,F2,2,4.3,15.48,0.97,15.48,0.0,61668.1,61678.9,61672.3,15662.72,22233.25,2,0.8
2.0,1725054,DefaultVehicle,1731016,DefaultVehicle,2,4.41,15.88,0.95,15.88,0.0,62970.1,63020.5,62975.1,15621.56,21019.62,2,0.8
2.0,1755419,DefaultVehicle,1756538,DefaultVehicle,2,4.26,15.34,0.95,15.34,0.0,63589.8,63625.3,63594.2,16222.46,20691.07,2,0.8
2.0,1798618,DefaultVehicle,1801065,DefaultVehicle,2,4.43,15.95,0.97,15.95,0.0,64663.3,64723.1,64670.1,17159.32,21510.37,2,0.8
2.0,1805876,DefaultVehicle,1807816,F2,2,4.35,15.66,0.95,15.66,0.0,64749.4,64826.7,64754.4,15621.37,21012.4,2,0.8
2.0,1805083,F2,1805792,DefaultVehicle,2,3.12,11.23,0.64,11.23,0.0,64873.0,64905.0,64884.0,16155.49,20369.09,2,0.8
2.0,1812053,DefaultVehicle,1810917,DefaultVehicle,2,4.43,15.95,1.0,15.95,0.0,64912.6,64988.9,64916.6,17276.84,19588.09,2,0.8
2.0,1823473,DefaultVehicle,1826888,DefaultVehicle,11,2.4,8.64,0.97,25.88,17.24,65235.3,65270.1,65262.0,16175.65,20384.69,2,0.8
2.0,1837584,DefaultVehicle,1837356,DefaultVehicle,2,4.3,15.48,0.96,15.48,0.0,65315.0,65337.5,65320.0,17338.8,20487.71,2,0.8
2.0,1851825,DefaultVehicle,1858892,DefaultVehicle,11,7.19,25.88,0.88,29.81,3.92,65855.4,65877.8,65867.0,16033.46,19112.71,2,0.8
2.0,1891037,DefaultVehicle,1881609,F2,11,5.7,20.52,0.76,9.25,29.77,66637.6,66655.0,66648.0,16891.07,20968.89,2,0.8
2.0,1906833,DefaultVehicle,1904767,F2,11,5.08,18.29,0.86,13.32,31.61,67024.7,67045.2,67038.0,15668.73,22253.55,2,0.8
3.0,1326819,F4,1327143,DefaultVehicle,2,1.82,6.55,0.47,6.59,0.04,54119.0,54297.9,54201.6,16625.85,19004.79,3,0.8
3.0,1332667,DefaultVehicle,1330234,DefaultVehicle,2,4.33,15.59,0.99,15.59,0.0,54260.9,54300.8,54286.9,15287.42,20236.07,3,0.8
3.0,1333661,F2,1335795,DefaultVehicle,2,2.12,7.63,0.44,7.63,0.0,54490.1,54632.0,54587.0,15646.42,20558.7,3,0.8
3.0,1341069,DefaultVehicle,1347945,DefaultVehicle,2,4.17,15.01,0.94,15.01,0.0,54633.9,54659.8,54638.2,14997.7,22328.2,3,0.8
3.0,1382976,DefaultVehicle,1380495,DefaultVehicle,2,4.51,16.24,1.0,16.24,0.0,55411.5,55423.9,55415.6,15601.59,21899.53,3,0.8
3.0,1401608,F4,1400837,DefaultVehicle,2,1.84,6.62,0.43,6.73,0.11,56022.6,56076.7,56064.3,16597.91,20484.02,3,0.8
3.0,1435969,DefaultVehicle,1425409,DefaultVehicle,11,4.79,17.24,0.6,9.86,27.11,56525.6,56543.5,56536.7,15033.58,22009.72,3,0.8
3.0,1447938,F2,1446689,DefaultVehicle,2,3.22,11.59,0.71,11.59,0.0,56725.5,56936.2,56900.7,14978.9,20227.73,3,0.8
3.0,1487175,DefaultVehicle,1479444,DefaultVehicle,2,4.53,16.31,0.96,16.31,0.0,57595.7,57750.3,57616.8,15413.19,19543.23,3,0.8
3.0,1500799,DefaultVehicle,1500292,F4,2,4.31,15.52,0.98,15.52,0.0,57896.6,57935.2,57920.5,17117.2,19053.44,3,0.8
3.0,1491845,DefaultVehicle,1501674,DefaultVehicle,11,1.61,5.8,0.98,17.96,23.76,58124.4,58152.3,58144.0,15443.38,19450.14,3,0.8
3.0,1533233,DefaultVehicle,1532772,DefaultVehicle,2,4.53,16.31,0.96,16.31,0.0,58595.0,58690.0,58599.1,16318.15,21902.44,3,0.8
3.0,1601964,DefaultVehicle,1603799,F4,2,3.16,11.38,0.99,11.38,0.0,60244.5,60295.0,60266.0,15626.32,20541.24,3,0.8
3.0,1627151,DefaultVehicle,1613660,DefaultVehicle,2,4.67,16.81,0.99,16.81,0.0,60816.9,60844.8,60821.0,15343.97,19683.44,3,0.8
3.0,1681110,DefaultVehicle,1678465,DefaultVehicle,11,6.28,22.61,0.81,12.17,34.78,61848.2,61866.9,61855.0,16846.59,20904.87,3,0.8
3.0,1726482,DefaultVehicle,1727186,DefaultVehicle,2,4.29,15.44,0.94,15.44,0.0,62907.9,62931.5,62912.1,15004.59,22329.43,3,0.8
3.0,1735873,DefaultVehicle,1736601,DefaultVehicle,2,4.7,16.92,1.0,16.92,0.0,63226.4,63284.5,63232.6,15306.2,19834.51,3,0.8
3.0,1791110,DefaultVehicle,1803425,DefaultVehicle,11,0.74,2.66,0.96,18.61,21.28,64777.2,64798.3,64786.0,15527.27,20341.14,3,0.8
3.0,1813997,F4,1813149,F4,2,2.61,9.4,0.71,9.4,0.0,64783.2,65076.9,64941.1,16844.4,19278.42,3,0.8
3.0,1811439,DefaultVehicle,1824383,DefaultVehicle,2,4.29,15.44,0.96,15.44,0.0,65096.1,65113.0,65100.7,17195.95,20457.01,3,0.8
3.0,1819427,DefaultVehicle,1817448,DefaultVehicle,2,4.3,15.48,0.97,15.48,0.0,65247.4,65357.3,65339.0,14980.33,22309.65,3,0.8
3.0,1872320,DefaultVehicle,1883679,DefaultVehicle,2,4.43,15.95,0.96,15.95,0.0,66512.0,66551.0,66517.6,16165.91,19161.49,3,0.8
3.0,1899369,DefaultVehicle,1898195,DefaultVehicle,2,4.08,14.69,0.96,14.69,0.0,67026.0,67067.1,67030.2,15429.56,19469.51,3,0.8
3.0,1934305,DefaultVehicle,1933732,F2,2,4.15,14.94,0.95,14.94,0.0,67699.8,67746.0,67704.1,16807.63,19011.09,3,0.8
3.0,1949636,DefaultVehicle,1949900,DefaultVehicle,2,4.12,14.83,0.99,14.83,0.0,68102.1,68173.9,68107.6,15328.17,19784.39,3,0.8
4.0,1333694,F2,1336417,F2,2,2.91,10.48,0.78,10.48,0.0,54496.6,54515.4,54510.4,16324.81,20380.59,4,0.8
4.0,1416994,DefaultVehicle,1413900,F2,2,3.84,13.82,0.99,13.82,0.0,56284.0,56309.1,56288.5,16230.18,20663.56,4,0.8
4.0,1433588,DefaultVehicle,1433475,F2,2,4.13,14.87,0.99,14.87,0.0,56506.8,56522.0,56511.2,15441.51,21896.08,4,0.8
4.0,1441190,DefaultVehicle,1437527,DefaultVehicle,2,4.23,15.23,0.99,15.23,0.0,56756.4,56826.9,56760.6,16639.47,20485.66,4,0.8
4.0,1437562,F2,1439438,DefaultVehicle,2,1.71,6.16,0.59,7.31,1.15,56738.7,56824.9,56775.7,16826.81,20871.43,4,0.8
4.0,1441190,DefaultVehicle,1434107,DefaultVehicle,2,4.29,15.44,0.95,15.44,0.0,56802.3,56824.7,56806.5,16238.31,20659.05,4,0.8
4.0,1437725,DefaultVehicle,1435222,F2,2,4.24,15.26,0.99,15.26,0.0,56799.9,56892.3,56833.0,17327.59,19699.72,4,0.8
4.0,1491839,DefaultVehicle,1487774,F2,2,4.14,14.9,0.98,14.9,0.0,57864.1,57909.8,57868.8,15297.73,20312.39,4,0.8
4.0,1498383,DefaultVehicle,1497894,F2,2,4.42,15.91,0.97,15.91,0.0,57971.9,57994.9,57982.7,16176.33,22399.07,4,0.8
4.0,1505855,DefaultVehicle,1506956,DefaultVehicle,2,4.79,17.24,0.99,17.53,0.29,58283.1,58301.0,58293.0,16748.59,20411.01,4,0.8
4.0,1574148,DefaultVehicle,1581093,F2,2,4.29,15.44,0.95,15.44,0.0,59697.9,59725.8,59702.1,16158.66,20366.1,4,0.8
4.0,1600872,DefaultVehicle,1590432,F2,2,4.4,15.84,0.95,15.84,0.0,60106.8,60145.0,60112.8,17303.3,19620.12,4,0.8
4.0,1632857,F2,1615767,DefaultVehicle,2,3.5,12.6,0.88,12.67,0.07,60835.1,60943.4,60889.4,15037.99,21989.06,4,0.8
4.0,1668192,DefaultVehicle,1667777,DefaultVehicle,2,5.59,20.12,0.99,20.12,0.0,61707.2,61731.8,61711.0,17444.16,19582.41,4,0.8
4.0,1670851,F2,1671382,DefaultVehicle,2,3.11,11.2,0.67,11.2,0.0,61808.1,61902.9,61866.9,16192.35,20667.86,4,0.8
4.0,1709460,DefaultVehicle,1720064,F2,2,4.4,15.84,0.96,15.84,0.0,62686.4,62713.3,62690.6,17212.19,20458.07,4,0.8
4.0,1714554,F2,1712648,DefaultVehicle,2,2.68,9.65,0.55,10.01,0.36,62658.5,62699.0,62695.3,15788.49,20341.22,4,0.8
4.0,1720604,F2,1725662,DefaultVehicle,2,2.49,8.96,0.54,10.69,1.73,62890.7,62993.5,62955.6,16325.9,20383.88,4,0.8
4.0,1729638,F2,1730772,DefaultVehicle,2,3.42,12.31,0.92,16.92,4.61,63312.6,63430.9,63390.3,15058.44,22008.15,4,0.8
4.0,1784392,DefaultVehicle,1783952,F2,2,4.43,15.95,0.96,15.95,0.0,64128.2,64231.6,64192.1,16695.54,20347.7,4,0.8
4.0,1805758,DefaultVehicle,1783888,DefaultVehicle,11,11.99,43.16,0.95,3.49,46.66,64576.8,64591.1,64580.5,14404.06,20439.08,4,0.8
4.0,1845572,DefaultVehicle,1849938,DefaultVehicle,2,4.49,16.16,1.0,16.16,0.0,65853.5,65863.9,65857.6,16134.28,20038.62,4,0.8
4.0,1870049,DefaultVehicle,1884551,DefaultVehicle,11,0.32,1.15,0.87,23.22,22.07,66451.1,66467.5,66456.0,17239.73,19065.78,4,0.8
4.0,1886370,DefaultVehicle,1886141,F2,2,4.47,16.09,0.95,16.09,0.0,66602.7,66659.5,66644.0,17312.26,20464.68,4,0.8
4.0,1908629,F2,1905364,F2,2,3.08,11.09,0.63,11.09,0.0,67276.0,67410.0,67310.6,16681.54,20363.1,4,0.8
5.0,1351023,DefaultVehicle,1356734,DefaultVehicle,11,5.83,20.99,0.96,27.32,6.34,54791.2,54803.2,54795.7,17319.82,20479.89,5,0.8
5.0,1413660,F4,1413549,DefaultVehicle,2,3.33,11.99,0.91,14.4,2.41,56001.0,56200.4,56103.2,15348.88,22302.63,5,0.8
5.0,1469257,DefaultVehicle,1468891,DefaultVehicle,2,4.21,15.16,0.98,15.34,0.18,57521.8,57628.2,57584.1,15643.15,19056.89,5,0.8
5.0,1477929,F2,1464979,DefaultVehicle,2,4.01,14.44,0.74,15.91,1.48,57521.3,57660.1,57646.1,14982.5,22302.01,5,0.8
5.0,1504359,DefaultVehicle,1517707,DefaultVehicle,2,4.57,16.45,1.0,16.45,0.0,58443.7,58489.7,58447.9,15057.81,22008.32,5,0.8
5.0,1534545,DefaultVehicle,1534771,F4,2,5.15,18.54,1.0,18.54,0.0,58693.3,58754.9,58745.0,15789.98,20334.92,5,0.8
5.0,1542956,DefaultVehicle,1542617,F2,2,4.53,16.31,0.98,16.31,0.0,58967.0,58994.9,58981.0,16034.48,19075.64,5,0.8
5.0,1551919,DefaultVehicle,1536518,DefaultVehicle,11,3.35,12.06,0.87,18.25,30.31,59104.2,59131.9,59120.0,14822.23,19819.64,5,0.8
5.0,1557998,DefaultVehicle,1557788,DefaultVehicle,2,4.15,14.94,0.99,14.94,0.0,59148.4,59236.9,59155.1,16857.42,19268.51,5,0.8
5.0,1586973,DefaultVehicle,1592813,DefaultVehicle,2,4.26,15.34,0.99,15.34,0.0,60143.1,60173.0,60158.6,17059.11,19919.0,5,0.8
5.0,1604587,F2,1604484,DefaultVehicle,2,3.78,13.61,0.9,14.15,0.54,60146.0,60228.5,60175.7,15595.38,19027.88,5,0.8
5.0,1605889,DefaultVehicle,1605134,F2,2,4.21,15.16,0.95,15.16,0.0,60204.3,60243.4,60208.8,17379.16,19681.71,5,0.8
5.0,1668263,DefaultVehicle,1667676,DefaultVehicle,2,4.09,14.72,0.96,14.72,0.0,61524.6,61534.0,61529.1,17256.58,19069.5,5,0.8
5.0,1695809,DefaultVehicle,1691464,DefaultVehicle,2,4.18,15.05,0.95,15.05,0.0,62321.9,62369.7,62326.0,15851.36,20849.07,5,0.8
5.0,1711697,DefaultVehicle,1722171,DefaultVehicle,2,4.23,15.23,0.99,15.23,0.0,62717.2,62871.0,62726.3,16177.36,20668.81,5,0.8
5.0,1714918,DefaultVehicle,1718666,F2,2,3.95,14.22,0.99,14.22,0.0,62744.8,62779.1,62750.0,15645.69,20570.88,5,0.8
5.0,1719416,DefaultVehicle,1720944,F2,2,4.29,15.44,0.94,15.44,0.0,62991.6,63045.7,63018.6,16188.34,20666.44,5,0.8
5.0,1730503,DefaultVehicle,1723681,DefaultVehicle,2,4.38,15.77,0.95,15.77,0.0,63047.4,63141.3,63051.7,15601.59,21899.53,5,0.8
5.0,1767108,F4,1766813,DefaultVehicle,2,3.09,11.12,0.79,14.15,3.02,63724.1,63767.9,63743.0,15373.0,19647.05,5,0.8
5.0,1768803,DefaultVehicle,1770429,DefaultVehicle,2,4.48,16.13,0.98,16.13,0.0,63814.1,63835.9,63822.3,16055.18,19022.13,5,0.8
5.0,1772058,DefaultVehicle,1771927,DefaultVehicle,2,4.25,15.3,0.97,15.3,0.0,63853.0,63923.8,63857.1,17278.07,19390.31,5,0.8
5.0,1841581,DefaultVehicle,1832130,DefaultVehicle,2,4.11,14.8,0.96,14.8,0.0,65462.3,65519.0,65470.7,14976.51,20264.32,5,0.8
5.0,1880097,F2,1880043,F2,2,2.81,10.12,0.57,10.12,0.0,66319.0,66520.2,66456.4,16544.58,21202.27,5,0.8
5.0,1871101,F2,1874819,DefaultVehicle,2,2.1,7.56,0.37,8.14,0.58,66364.6,66495.5,66457.3,15299.49,20318.96,5,0.8
5.0,1895201,F2,1886225,DefaultVehicle,2,3.91,14.08,0.94,14.26,0.18,66762.1,66934.9,66923.6,15371.34,21918.68,5,0.8
6.0,1363189,F4,1364322,F2,2,2.56,9.22,0.68,9.22,0.0,55136.0,55206.4,55153.5,16567.49,20404.58,6,0.8
6.0,1419446,F2,1419702,DefaultVehicle,2,4.43,15.95,0.52,15.95,0.0,56128.0,56188.9,56178.0,16853.79,20918.9,6,0.8
6.0,1427150,DefaultVehicle,1427097,F2,2,4.4,15.84,0.95,15.84,0.0,56411.2,56452.4,56440.3,16171.15,22397.25,6,0.8
6.0,1457992,F2,1458386,DefaultVehicle,2,2.27,8.17,0.46,8.17,0.0,57032.7,57156.8,57099.8,15646.01,20565.64,6,0.8
6.0,1489041,F2,1481086,DefaultVehicle,11,0.58,2.09,1.0,21.82,19.73,57684.6,57725.1,57718.5,14989.43,20284.89,6,0.8
6.0,1510751,F4,1514649,F2,2,2.88,10.37,0.37,10.37,0.0,58282.5,58389.8,58321.2,16826.13,20870.17,6,0.8
6.0,1517954,F2,1517770,DefaultVehicle,2,4.33,15.59,0.51,16.2,0.61,58263.0,58353.5,58336.0,15648.49,21912.75,6,0.8
6.0,1563376,F4,1559521,F4,2,3.25,11.7,0.85,11.7,0.0,59328.2,59366.2,59357.2,16674.84,20361.31,6,0.8
6.0,1589089,DefaultVehicle,1584707,DefaultVehicle,2,4.08,14.69,0.95,14.69,0.0,60073.2,60135.0,60077.6,17178.99,20116.34,6,0.8
6.0,1621042,F4,1624873,DefaultVehicle,2,2.98,10.73,0.77,13.18,2.45,60859.1,60876.8,60873.1,14459.38,20253.25,6,0.8
6.0,1639643,DefaultVehicle,1632353,F2,2,4.66,16.78,0.99,16.78,0.0,61341.5,61371.2,61345.7,17211.91,20461.26,6,0.8
6.0,1686491,F2,1689680,DefaultVehicle,13,0.52,1.87,0.92,19.48,17.6,62250.1,62267.7,62260.5,15802.98,20353.69,6,0.8
6.0,1724816,F4,1724784,F4,2,3.29,11.84,0.74,11.84,0.0,62750.9,62905.8,62829.0,16899.43,19604.65,6,0.8
6.0,1722756,DefaultVehicle,1719762,DefaultVehicle,2,4.12,14.83,0.96,14.83,0.0,62855.9,62887.0,62860.0,14976.04,20270.69,6,0.8
6.0,1729547,DefaultVehicle,1730622,F2,2,4.28,15.41,0.99,15.41,0.0,63038.8,63104.1,63050.5,16174.87,20380.45,6,0.8
6.0,1754650,DefaultVehicle,1746760,F4,2,4.4,15.84,0.95,15.84,0.0,63523.2,63552.4,63527.5,15429.89,19468.79,6,0.8
6.0,1788391,F2,1788535,DefaultVehicle,2,3.71,13.36,0.63,15.23,1.87,64171.2,64314.8,64236.5,16862.95,19028.22,6,0.8
6.0,1796294,F2,1796392,DefaultVehicle,2,4.45,16.02,0.89,16.02,0.0,64349.0,64447.0,64394.0,16896.53,20982.62,6,0.8
6.0,1784466,F2,1788329,DefaultVehicle,2,3.84,13.82,0.54,13.82,0.0,64459.1,64552.0,64535.5,14980.34,22309.62,6,0.8
6.0,1799658,F2,1800276,DefaultVehicle,2,3.35,12.06,0.59,13.57,1.51,64543.1,64815.4,64705.4,16098.36,19754.89,6,0.8
6.0,1835283,DefaultVehicle,1836052,F4,2,4.28,15.41,0.95,15.41,0.0,65427.5,65481.1,65459.5,16151.73,20368.82,6,0.8
6.0,1895733,DefaultVehicle,1893584,DefaultVehicle,2,4.34,15.62,1.0,15.62,0.0,66780.1,66961.0,66784.4,15300.02,20312.58,6,0.8
6.0,1941221,F2,1940545,DefaultVehicle,2,4.68,16.85,0.79,18.86,2.02,67938.5,68048.0,68043.0,17233.15,19086.6,6,0.8
6.0,1950458,F4,1942625,DefaultVehicle,111,1.2,4.32,0.0,42.48,38.16,68052.8,68090.9,68084.0,16184.9,20378.66,6,0.8
6.0,1952456,DefaultVehicle,1951586,F4,2,4.59,16.52,0.98,16.52,0.0,68093.7,68240.8,68098.1,17241.37,19033.59,6,0.8
7.0,1324584,F2,1324225,F4,2,2.45,8.82,0.54,8.82,0.0,54271.8,54342.2,54325.0,16897.24,20058.9,7,0.8
7.0,1364523,F4,1364420,DefaultVehicle,2,4.49,16.16,0.8,18.61,2.45,54938.0,55023.0,54976.0,15907.7,21902.86,7,0.8
7.0,1358161,F2,1362683,F2,2,2.4,8.64,0.53,8.64,0.0,55147.3,55165.0,55157.0,17062.09,19920.72,7,0.8
7.0,1400659,DefaultVehicle,1397864,F2,2,4.55,16.38,0.99,16.38,0.0,55761.9,55772.0,55765.9,15641.11,22247.4,7,0.8
7.0,1446027,DefaultVehicle,1439728,F2,2,4.38,15.77,0.99,15.77,0.0,56787.5,56893.3,56793.8,15306.91,19825.24,7,0.8
7.0,1452091,F4,1460091,DefaultVehicle,2,3.17,11.41,0.87,11.41,0.0,57051.9,57201.7,57129.0,16456.52,21143.16,7,0.8
7.0,1544502,DefaultVehicle,1545127,DefaultVehicle,2,4.41,15.88,0.95,15.88,0.0,58924.2,58951.9,58928.7,14976.04,20270.69,7,0.8
7.0,1567245,F4,1566858,DefaultVehicle,2,1.89,6.8,0.32,6.98,0.18,59436.4,59678.7,59556.1,16098.31,19754.6,7,0.8
7.0,1624991,F2,1629380,F2,2,2.98,10.73,0.66,10.73,0.0,60732.0,60789.8,60752.0,16847.51,19026.39,7,0.8
7.0,1663426,F4,1662165,DefaultVehicle,2,3.46,12.46,0.81,12.46,0.0,61680.9,61690.4,61686.2,15920.71,20832.62,7,0.8
7.0,1694953,F4,1694951,DefaultVehicle,2,2.87,10.33,0.52,10.69,0.36,62098.1,62184.6,62142.4,14407.49,19802.14,7,0.8
7.0,1758814,F2,1759598,F4,13,5.28,19.01,0.91,19.01,0.0,63564.2,63585.1,63576.0,16836.07,20904.94,7,0.8
7.0,1776889,DefaultVehicle,1776346,F4,2,3.6,12.96,1.0,12.96,0.0,63987.1,64043.6,64008.1,15213.68,21578.02,7,0.8
7.0,1800129,F4,1800011,DefaultVehicle,2,3.94,14.18,0.91,17.24,3.06,64437.8,64541.2,64528.7,15438.71,21896.85,7,0.8
7.0,1800827,F4,1802498,DefaultVehicle,2,3.77,13.57,0.62,13.57,0.0,64494.0,64572.7,64560.0,14191.16,19807.3,7,0.8
7.0,1811711,DefaultVehicle,1799042,F4,11,6.15,22.14,0.97,15.66,37.8,64728.1,64745.0,64738.0,17235.52,19051.63,7,0.8
7.0,1808306,DefaultVehicle,1807397,DefaultVehicle,11,1.08,3.89,0.92,16.38,20.27,64789.4,64810.0,64801.9,16172.67,20377.82,7,0.8
7.0,1829541,F4,1819903,DefaultVehicle,2,3.05,10.98,0.63,11.3,0.32,65450.2,65529.2,65510.3,15039.16,21982.03,7,0.8
7.0,1837437,DefaultVehicle,1835427,DefaultVehicle,2,4.2,15.12,0.95,15.12,0.0,65574.8,65622.6,65596.3,15008.42,20294.25,7,0.8
7.0,1858377,F4,1858332,DefaultVehicle,2,3.37,12.13,0.81,12.92,0.79,65811.3,65934.2,65842.7,16246.87,18969.05,7,0.8
7.0,1904767,F2,1904313,DefaultVehicle,2,3.38,12.17,0.82,12.17,0.0,66917.8,67101.1,67086.3,16174.14,22398.3,7,0.8
7.0,1918050,DefaultVehicle,1917565,F4,2,4.22,15.19,0.97,15.19,0.0,67249.7,67276.2,67254.2,14429.71,20269.66,7,0.8
7.0,1923490,DefaultVehicle,1923346,F2,2,4.11,14.8,0.96,14.8,0.0,67452.4,67468.2,67456.8,15214.57,21576.82,7,0.8
7.0,1950215,F4,1961191,F2,2,5.85,21.06,0.62,32.9,11.84,68316.6,68373.0,68317.9,17223.94,20500.58,7,0.8
7.0,1960460,DefaultVehicle,1959379,F2,2,3.91,14.08,0.99,14.08,0.0,68338.8,68399.9,68359.0,17098.56,19912.41,7,0.8
8.0,1330651,F2,1332418,DefaultVehicle,2,3.61,13.0,0.96,13.68,0.68,54386.7,54451.9,54438.5,15789.02,20334.85,8,0.8
8.0,1341576,F2,1340896,DefaultVehicle,2,3.11,11.2,0.79,11.2,0.0,54582.8,54597.6,54587.3,16691.24,20483.27,8,0.8
8.0,1358746,F2,1358032,F2,2,3.04,10.94,0.75,10.94,0.0,55054.5,55111.9,55097.5,16681.54,20363.1,8,0.8
8.0,1366177,F2,1365310,F4,2,3.02,10.87,0.67,10.87,0.0,54998.9,55133.8,55102.0,16058.83,19019.58,8,0.8
8.0,1375510,DefaultVehicle,1377539,F4,2,4.05,14.58,0.97,14.58,0.0,55394.2,55457.9,55398.8,16191.84,20664.48,8,0.8
8.0,1460495,F4,1465385,F4,2,1.51,5.44,0.29,5.44,0.0,57299.5,57543.1,57536.9,16861.07,21407.47,8,0.8
8.0,1536844,F4,1541120,DefaultVehicle,2,3.34,12.02,0.79,12.89,0.86,59014.8,59052.5,59036.2,16562.59,20407.57,8,0.8
8.0,1562628,DefaultVehicle,1562822,DefaultVehicle,2,4.56,16.42,0.98,16.42,0.0,59291.6,59317.6,59296.2,14970.09,20267.01,8,0.8
8.0,1645983,DefaultVehicle,1648250,F4,2,4.09,14.72,0.96,14.72,0.0,61114.0,61153.9,61118.7,14807.77,19813.88,8,0.8
8.0,1650107,DefaultVehicle,1655130,F4,2,5.2,18.72,0.99,18.72,0.0,61253.8,61267.5,61258.0,15152.06,21263.62,8,0.8
8.0,1661301,F4,1665331,F2,2,3.25,11.7,0.82,11.7,0.0,61482.1,61692.9,61500.1,15393.21,19593.11,8,0.8
8.0,1693626,F4,1699276,F2,2,3.61,13.0,0.99,13.0,0.0,62453.5,62572.9,62561.5,16134.01,20036.34,8,0.8
8.0,1707133,F4,1712619,DefaultVehicle,11,0.21,0.76,0.87,17.89,17.14,62557.9,62615.2,62606.0,14991.61,20276.14,8,0.8
8.0,1748538,F4,1754605,DefaultVehicle,11,0.26,0.94,0.87,17.89,16.96,63534.7,63552.9,63546.0,14991.61,20276.14,8,0.8
8.0,1763056,DefaultVehicle,1775930,F2,111,9.92,35.71,0.0,49.18,13.46,63886.3,63894.6,63890.8,17127.26,21427.0,8,0.8
8.0,1802669,F2,1804059,F2,2,3.44,12.38,0.98,12.38,0.0,64531.8,64594.9,64569.1,16010.84,19091.46,8,0.8
8.0,1841251,F2,1840225,DefaultVehicle,2,1.36,4.9,0.29,5.04,0.14,65437.2,65510.7,65505.4,16225.62,20697.36,8,0.8
8.0,1849441,F2,1849339,F2,2,3.25,11.7,0.77,11.7,0.0,65600.0,65706.9,65696.4,14658.01,19809.96,8,0.8
8.0,1876853,F4,1877468,DefaultVehicle,2,3.34,12.02,1.0,12.02,0.0,66429.5,66537.1,66522.6,14184.03,19807.05,8,0.8
8.0,1885995,DefaultVehicle,1888813,F4,2,4.46,16.06,0.98,16.06,0.0,66610.8,66734.0,66702.3,15646.48,20557.81,8,0.8
8.0,1896677,F2,1895776,F2,2,3.47,12.49,0.86,12.49,0.0,67012.6,67063.0,67054.1,16725.16,20391.97,8,0.8
8.0,1919240,F2,1919121,DefaultVehicle,2,3.09,11.12,0.79,15.88,4.75,67492.8,67594.0,67537.1,15914.4,20832.4,8,0.8
8.0,1924127,F2,1921507,F2,2,3.55,12.78,0.9,12.78,0.0,67410.6,67622.9,67581.2,15347.08,19674.68,8,0.8
8.0,1932667,F4,1931650,F4,2,3.25,11.7,0.85,11.7,0.0,67733.9,67753.5,67739.6,16688.52,20477.48,8,0.8
8.0,1934815,F4,1934157,F4,2,2.37,8.53,0.51,8.53,0.0,67646.0,67757.5,67741.6,15708.24,22264.25,8,0.8
9.0,1340887,F4,1338368,F2,2,2.39,8.6,0.79,8.6,0.0,54441.2,54539.9,54469.8,14978.8,20264.5,9,0.8
9.0,1368352,F4,1368161,F4,2,2.54,9.14,0.57,9.14,0.0,55048.8,55128.9,55084.5,16745.46,20436.0,9,0.8
9.0,1408177,F2,1395421,F4,2,4.36,15.7,0.53,15.7,0.0,56110.6,56177.9,56113.0,16588.73,20419.69,9,0.8
9.0,1441099,F4,1441132,DefaultVehicle,2,3.56,12.82,0.6,14.51,1.69,56608.1,56713.4,56681.0,16008.34,19091.19,9,0.8
9.0,1455607,F4,1431047,F4,2,3.06,11.02,0.92,11.02,0.0,56894.1,57041.3,56994.7,17314.3,19705.88,9,0.8
9.0,1477703,DefaultVehicle,1477839,DefaultVehicle,2,4.46,16.06,0.95,16.06,0.0,57538.2,57553.4,57542.5,16150.18,20365.51,9,0.8
9.0,1480651,DefaultVehicle,1486172,F4,2,4.31,15.52,1.0,15.52,0.0,57700.0,57738.5,57719.6,15464.8,21066.67,9,0.8
9.0,1507992,F4,1508171,DefaultVehicle,2,3.18,11.45,0.79,11.45,0.0,58052.0,58125.5,58082.7,14390.08,19801.8,9,0.8
9.0,1572150,F4,1572086,F2,2,3.02,10.87,0.6,10.87,0.0,59450.6,59601.9,59591.4,16176.33,22399.07,9,0.8
9.0,1637971,F2,1637426,F4,2,3.03,10.91,0.64,10.91,0.0,60967.0,61081.9,61062.9,16539.16,20405.53,9,0.8
9.0,1661066,DefaultVehicle,1660730,F4,2,4.42,15.91,0.96,15.91,0.0,61379.4,61411.9,61393.1,17382.3,19683.3,9,0.8
9.0,1662368,DefaultVehicle,1660044,F4,2,4.29,15.44,0.97,15.44,0.0,61458.4,61497.4,61463.6,16568.53,20407.74,9,0.8
9.0,1661792,F4,1661296,DefaultVehicle,2,3.23,11.63,0.84,11.63,0.0,61479.6,61503.1,61486.2,16583.42,20441.6,9,0.8
9.0,1661673,DefaultVehicle,1671657,DefaultVehicle,11,0.75,2.7,0.96,25.63,22.93,61595.1,61617.2,61607.0,16028.38,19022.65,9,0.8
9.0,1710695,DefaultVehicle,1712057,DefaultVehicle,11,8.65,31.14,1.0,42.98,11.84,62565.3,62581.4,62570.0,15879.77,21899.97,9,0.8
9.0,1711287,DefaultVehicle,1709440,DefaultVehicle,11,6.79,24.44,0.9,4.14,28.58,62613.2,62638.3,62631.0,16172.67,20377.82,9,0.8
9.0,1736889,F4,1737226,F2,2,3.19,11.48,0.79,11.48,0.0,63025.4,63149.8,63070.6,16911.83,21012.98,9,0.8
9.0,1731351,F2,1739260,DefaultVehicle,2,2.44,8.78,0.47,9.07,0.29,63068.0,63144.9,63131.2,16904.97,20952.18,9,0.8
9.0,1754605,F4,1757624,F2,2,3.32,11.95,0.97,11.95,0.0,63660.7,63688.7,63671.9,16152.33,20368.86,9,0.8
9.0,1768892,DefaultVehicle,1764000,DefaultVehicle,2,4.09,14.72,0.97,14.72,0.0,64040.2,64053.3,64046.4,16174.16,22398.31,9,0.8
9.0,1805083,F4,1805029,F2,2,3.22,11.59,0.87,11.59,0.0,64554.1,64637.2,64601.9,14393.11,19801.86,9,0.8
9.0,1816350,DefaultVehicle,1816295,F2,2,3.86,13.9,1.0,13.9,0.0,64818.1,64909.9,64900.1,14658.01,19809.96,9,0.8
9.0,1839609,DefaultVehicle,1838434,F2,2,3.42,12.31,0.99,12.31,0.0,65476.3,65628.7,65561.6,15857.49,20845.68,9,0.8
9.0,1899316,DefaultVehicle,1899027,F4,2,4.01,14.44,1.0,14.44,0.0,66793.4,66842.9,66804.0,17241.58,20482.58,9,0.8
9.0,1919121,F4,1919240,F2,2,2.86,10.3,0.67,10.3,0.0,67523.1,67571.1,67540.3,15911.69,20833.87,9,0.8
10.0,1331844,F4,1332061,F4,2,6.98,25.13,0.67,36.07,10.94,54225.2,54466.0,54226.3,17121.19,21422.52,10,0.8
10.0,1327108,F2,1328796,F2,11,2.39,8.6,0.99,21.38,29.99,54267.1,54281.0,54273.5,15789.0,19762.68,10,0.8
10.0,1333950,F2,1334274,F2,2,2.83,10.19,0.52,11.81,1.62,54307.9,54392.7,54312.3,17280.27,19381.41,10,0.8
10.0,1337728,F2,1336363,F4,2,2.29,8.24,0.57,8.24,0.0,54450.1,54485.7,54478.1,15859.5,21900.24,10,0.8
10.0,1349651,F2,1342317,F4,2,2.79,10.04,0.62,10.04,0.0,54710.2,54728.9,54721.8,16156.92,20369.19,10,0.8
10.0,1382223,F4,1381940,F4,2,3.69,13.28,0.74,13.57,0.29,55534.3,55554.7,55548.2,16724.03,20390.06,10,0.8
10.0,1383702,F4,1378190,F2,2,3.02,10.87,0.64,10.87,0.0,55518.0,55648.0,55624.7,15665.39,20976.26,10,0.8
10.0,1387080,F4,1396216,F4,11,3.49,12.56,0.78,14.54,27.11,55792.9,55821.6,55814.2,16891.07,20968.94,10,0.8
10.0,1447853,F4,1433589,F4,11,1.25,4.5,0.96,20.7,25.2,56733.6,56793.7,56787.0,17228.37,20466.8,10,0.8
10.0,1471635,F4,1480329,F2,11,0.13,0.47,0.88,17.89,18.36,57490.7,57536.7,57530.0,14991.6,20276.09,10,0.8
10.0,1515757,F2,1516802,F2,2,3.2,11.52,0.8,11.52,0.0,58452.5,58482.0,58461.6,16971.08,19992.47,10,0.8
10.0,1527332,F4,1522245,F4,11,1.25,4.5,0.96,20.7,25.2,58494.5,58516.7,58510.0,17228.37,20466.8,10,0.8
10.0,1557201,F4,1553924,F4,2,3.31,11.92,0.89,11.92,0.0,59116.0,59274.8,59232.9,15295.61,20127.9,10,0.8
10.0,1593433,F2,1591750,F2,2,3.81,13.72,0.57,13.72,0.0,60098.9,60123.1,60117.2,16567.49,20404.58,10,0.8
10.0,1599124,F2,1596593,F2,111,4.13,14.87,0.0,27.58,12.71,60124.7,60161.5,60160.6,17083.43,19921.35,10,0.8
10.0,1608438,F4,1622159,F2,2,3.06,11.02,0.7,11.02,0.0,60605.0,60654.4,60612.9,16599.04,20481.82,10,0.8
10.0,1616063,F2,1624682,F4,11,2.93,10.55,0.97,20.95,31.5,60652.8,60675.1,60668.5,15529.28,20324.06,10,0.8
10.0,1629081,F2,1634146,F2,2,3.34,12.02,0.77,12.02,0.0,60865.9,61029.5,60925.7,16582.37,20439.5,10,0.8
10.0,1670179,F2,1674668,F2,11,0.6,2.16,0.93,19.44,21.6,61814.0,61860.4,61854.0,14991.6,20276.09,10,0.8
10.0,1747759,F4,1753602,F2,2,4.37,15.73,0.53,15.73,0.0,63463.2,63483.0,63466.0,16613.21,20475.78,10,0.8
10.0,1772864,F2,1773030,F4,2,2.62,9.43,0.65,9.43,0.0,63846.5,63905.5,63881.7,16745.46,20436.0,10,0.8
10.0,1784539,F4,1783164,F2,2,3.75,13.5,0.56,13.5,0.0,64274.7,64502.8,64325.0,16152.79,20375.31,10,0.8
10.0,1792254,F2,1795754,F2,2,3.38,12.17,0.99,12.17,0.0,64355.5,64496.9,64469.2,15284.28,20278.65,10,0.8
10.0,1811620,F2,1811047,F2,2,3.3,11.88,0.92,11.88,0.0,64708.0,64723.8,64713.1,17336.51,20487.51,10,0.8
10.0,1848986,F4,1844013,F2,2,4.14,14.9,0.69,22.75,7.85,66029.6,66076.0,66044.3,17001.63,19968.21,10,0.8
11.0,1322225,F2,1329543,F2,2,3.39,12.2,0.93,12.2,0.0,54170.0,54230.3,54191.1,14444.5,19815.37,11,0.8
11.0,1345100,F2,1361204,F2,11,2.2,7.92,0.99,21.24,29.16,54869.5,54892.9,54882.7,17239.74,19065.73,11,0.8
11.0,1355232,F4,1351779,F2,2,2.79,10.04,0.65,10.04,0.0,55037.1,55073.4,55045.4,16971.08,19992.47,11,0.8
11.0,1402450,F4,1403331,F4,2,3.65,13.14,0.56,13.14,0.0,55968.4,56099.6,56002.5,16192.34,20396.71,11,0.8
11.0,1416814,F2,1417564,F2,2,7.21,25.96,0.76,35.46,9.5,56140.8,56157.0,56153.2,15306.83,20316.36,11,0.8
11.0,1424745,F2,1424705,F2,2,3.38,12.17,0.92,12.17,0.0,56239.3,56310.9,56282.5,15022.72,22026.21,11,0.8
11.0,1420348,F4,1420286,F4,2,3.42,12.31,0.86,12.31,0.0,56312.2,56352.1,56339.7,16156.46,20375.56,11,0.8
11.0,1475478,F2,1475116,F2,2,2.96,10.66,0.6,10.66,0.0,57334.0,57533.9,57415.8,15641.42,21912.87,11,0.8
11.0,1547578,F2,1548596,F2,2,3.2,11.52,0.73,11.52,0.0,58996.7,59093.7,59038.2,17177.43,20113.15,11,0.8
11.0,1548439,F2,1548652,F2,2,2.27,8.17,0.57,8.17,0.0,59078.0,59190.0,59108.1,15296.82,20321.95,11,0.8
11.0,1620335,F2,1620339,F2,2,3.19,11.48,0.8,11.48,0.0,60599.2,60708.0,60636.4,16158.19,20372.48,11,0.8
11.0,1642004,F2,1639127,F4,2,3.5,12.6,0.96,12.6,0.0,61019.5,61171.6,61136.7,16053.91,19117.09,11,0.8
11.0,1694426,F2,1686139,F2,2,2.9,10.44,0.61,11.09,0.65,62187.5,62243.2,62194.8,17316.41,19629.09,11,0.8
11.0,1695383,F2,1693249,F2,2,3.17,11.41,0.71,11.41,0.0,62195.6,62380.1,62280.7,16120.0,19908.9,11,0.8
11.0,1704533,F2,1706610,F2,2,3.48,12.53,0.94,12.53,0.0,62544.1,62575.6,62564.3,16564.73,20401.29,11,0.8
11.0,1742353,F2,1731490,F4,11,4.79,17.24,0.98,21.42,38.66,63162.7,63174.2,63167.5,14166.35,19805.48,11,0.8
11.0,1733676,F2,1729425,F2,2,3.66,13.18,0.59,13.18,0.0,63296.2,63312.4,63308.3,14449.96,20249.29,11,0.8
11.0,1758361,F2,1758970,F2,2,2.73,9.83,0.56,9.83,0.0,63551.1,63611.3,63565.3,15376.52,19637.44,11,0.8
11.0,1757034,F2,1748699,F4,2,3.16,11.38,0.98,11.38,0.0,63529.5,63670.7,63652.9,14984.47,22295.04,11,0.8
11.0,1834538,F4,1825524,F4,2,3.33,11.99,0.82,11.99,0.0,65324.6,65370.9,65344.3,14451.21,20252.6,11,0.8
11.0,1895181,F2,1898622,F2,11,0.6,2.16,0.93,19.44,21.6,66821.0,66842.4,66836.0,14991.6,20276.09,11,0.8
11.0,1902134,F2,1899567,F4,2,3.5,12.6,0.94,12.6,0.0,66898.7,66933.8,66920.6,15254.04,20287.69,11,0.8
11.0,1912702,F2,1902524,F4,2,3.24,11.66,0.81,11.66,0.0,67116.3,67398.7,67384.0,14194.43,19807.42,11,0.8
11.0,1955993,F2,1947856,F4,11,2.91,10.48,0.97,21.02,31.5,68235.3,68252.9,68246.5,15033.58,22009.72,11,0.8
11.0,1954759,F2,1955203,F2,2,3.56,12.82,0.93,12.82,0.0,68327.2,68356.0,68342.6,16613.21,20475.78,11,0.8
12.0,1340079,F4,1339534,F4,2,3.24,11.66,0.81,11.66,0.0,54634.1,54811.6,54779.4,16247.78,18969.05,12,0.8
12.0,1364322,F4,1364785,F4,2,3.0,10.8,0.77,10.8,0.0,55069.6,55125.9,55120.8,16321.06,20383.55,12,0.8
12.0,1380282,F4,1381291,F2,2,2.69,9.68,0.63,9.68,0.0,55397.4,55453.3,55414.4,15433.42,19468.77,12,0.8
12.0,1389743,F2,1388824,F2,2,2.93,10.55,0.83,10.55,0.0,55577.3,55624.1,55586.2,15420.89,21767.43,12,0.8
12.0,1413501,F2,1413774,F4,2,3.55,12.78,0.59,12.78,0.0,56028.2,56190.9,56050.5,17282.02,19396.8,12,0.8
12.0,1457951,F4,1460710,F4,2,2.59,9.32,0.59,9.32,0.0,57124.1,57356.8,57290.4,16098.16,19753.55,12,0.8
12.0,1461712,F2,1455875,F2,2,3.26,11.74,0.87,11.74,0.0,57274.1,57307.1,57292.4,16567.49,20404.58,12,0.8
12.0,1468123,F2,1465231,F4,2,3.36,12.1,1.0,12.1,0.0,57291.9,57445.5,57354.6,17179.34,20117.06,12,0.8
12.0,1492322,F2,1489419,F4,2,3.26,11.74,0.97,11.74,0.0,57852.6,57881.6,57860.4,16962.0,19999.85,12,0.8
12.0,1598981,F4,1598956,F4,2,1.44,5.18,0.32,5.18,0.0,60029.9,60126.7,60116.6,16687.21,20501.5,12,0.8
12.0,1641640,F2,1643063,F4,2,3.03,10.91,0.64,10.91,0.0,61214.5,61465.6,61322.7,15200.09,21237.25,12,0.8
12.0,1660310,F4,1649560,F4,2,3.26,11.74,0.95,11.74,0.0,61411.2,61593.1,61540.7,15662.81,22231.75,12,0.8
12.0,1654371,F4,1657119,F2,2,3.33,11.99,0.92,11.99,0.0,61549.0,61572.0,61558.9,16971.08,19992.47,12,0.8
12.0,1683692,F2,1683634,F2,2,3.55,12.78,0.91,12.78,0.0,61851.0,62068.9,61929.2,15641.42,21912.87,12,0.8
12.0,1715750,F4,1723792,F2,2,2.82,10.15,0.55,10.15,0.0,63027.4,63081.4,63044.4,14449.71,20252.48,12,0.8
12.0,1757217,F4,1766573,F4,11,2.03,7.31,0.87,17.89,25.2,63789.4,63834.2,63828.0,14991.61,20276.14,12,0.8
12.0,1774530,F2,1777845,F4,11,2.93,10.55,0.97,20.95,31.5,64121.4,64144.1,64137.5,15529.28,20324.06,12,0.8
12.0,1788343,F4,1772345,F4,2,1.68,6.05,0.36,6.05,0.0,64228.6,64387.7,64370.4,14981.85,22304.31,12,0.8
12.0,1803821,F2,1803188,F4,2,3.39,12.2,0.82,12.2,0.0,64544.0,64723.1,64635.8,16309.71,18980.44,12,0.8
12.0,1858818,F4,1858705,F4,2,3.48,12.53,1.0,12.53,0.0,65820.0,65944.7,65850.1,17344.37,19591.92,12,0.8
12.0,1861759,F2,1861670,F4,2,3.16,11.38,0.73,11.38,0.0,65923.1,65997.6,65935.0,16849.0,19026.56,12,0.8
12.0,1868208,F4,1869881,F4,2,3.32,11.95,0.97,11.95,0.0,66303.4,66384.9,66330.1,16191.84,20664.48,12,0.8
12.0,1905864,F4,1905436,F4,2,3.31,11.92,0.88,11.92,0.0,66936.0,67143.4,67129.3,16613.57,19227.21,12,0.8
12.0,1935517,F4,1925698,F2,11,0.99,3.56,0.88,22.68,26.24,67734.7,67750.8,67743.5,17081.54,19917.46,12,0.8
12.0,1952162,F2,1959328,F2,2,3.32,11.95,0.67,13.14,1.19,68343.7,68399.9,68370.0,16191.62,20660.94,12,0.8
1.0,1353450,DefaultVehicle,1353342,DefaultVehicle,2,4.17,15.01,0.97,15.19,0.18,54695.0,54734.7,54714.4,17477.22,19603.33,1,1.0
1.0,1406228,DefaultVehicle,1407945,DefaultVehicle,2,4.04,14.54,0.97,14.54,0.0,56034.1,56079.0,56057.1,15667.39,20975.14,1,1.0
1.0,1447719,DefaultVehicle,1447246,DefaultVehicle,2,4.34,15.62,0.97,15.62,0.0,56769.4,56823.1,56773.4,14969.29,20266.94,1,1.0
1.0,1455161,DefaultVehicle,1453240,DefaultVehicle,2,4.35,15.66,0.97,15.66,0.0,56921.4,56994.7,56925.6,17278.07,19390.31,1,1.0
1.0,1447928,DefaultVehicle,1454284,DefaultVehicle,2,3.18,11.45,0.99,11.45,0.0,57049.1,57066.5,57055.0,14307.38,21172.76,1,1.0
1.0,1553672,DefaultVehicle,1551088,DefaultVehicle,11,2.73,9.83,0.95,13.36,23.18,59087.2,59116.7,59110.0,17228.37,20466.8,1,1.0
1.0,1601661,DefaultVehicle,1599598,DefaultVehicle,2,5.46,19.66,0.99,19.66,0.0,60227.8,60376.0,60256.0,16155.44,20375.49,1,1.0
1.0,1621304,DefaultVehicle,1618043,DefaultVehicle,11,1.16,4.18,0.89,17.42,21.6,60552.9,60582.8,60574.0,15443.38,19450.14,1,1.0
1.0,1626199,DefaultVehicle,1619394,DefaultVehicle,2,4.26,15.34,0.95,15.34,0.0,60731.4,60745.9,60735.6,15668.97,20977.92,1,1.0
1.0,1633519,DefaultVehicle,1633032,DefaultVehicle,2,4.09,14.72,0.99,14.72,0.0,60896.7,60922.6,60901.0,15004.59,22329.43,1,1.0
1.0,1633014,DefaultVehicle,1638983,DefaultVehicle,11,8.53,30.71,0.87,3.85,34.56,60932.7,60948.3,60941.0,14888.09,19315.48,1,1.0
1.0,1657193,DefaultVehicle,1655409,DefaultVehicle,2,3.57,12.85,0.98,12.85,0.0,61477.3,61631.6,61482.0,16206.04,20636.81,1,1.0
1.0,1681195,DefaultVehicle,1680477,DefaultVehicle,2,4.08,14.69,0.97,14.69,0.0,61807.9,61841.3,61812.1,15466.38,19418.26,1,1.0
1.0,1704249,DefaultVehicle,1686005,DefaultVehicle,13,1.87,6.73,0.78,20.88,27.61,62334.7,62357.0,62350.6,15033.58,22009.72,1,1.0
1.0,1729909,DefaultVehicle,1727960,DefaultVehicle,2,4.29,15.44,1.0,15.44,0.0,62863.1,62987.4,62900.8,17297.69,19558.15,1,1.0
1.0,1759264,DefaultVehicle,1758597,DefaultVehicle,2,4.12,14.83,0.97,14.83,0.0,63507.0,63518.0,63511.9,17338.8,20487.71,1,1.0
1.0,1814686,DefaultVehicle,1813146,DefaultVehicle,2,4.21,15.16,0.97,15.16,0.0,64830.3,64964.3,64834.7,15976.33,19063.3,1,1.0
1.0,1812779,DefaultVehicle,1822676,DefaultVehicle,2,3.85,13.86,0.98,13.86,0.0,65181.4,65247.5,65197.1,16738.0,20403.29,1,1.0
1.0,1842564,DefaultVehicle,1826441,DefaultVehicle,11,2.03,7.31,0.82,14.9,22.21,65487.0,65509.8,65503.0,17228.37,20466.8,1,1.0
1.0,1853111,DefaultVehicle,1852813,DefaultVehicle,2,4.61,16.6,0.98,16.6,0.0,65689.0,65837.1,65693.4,16318.15,21902.44,1,1.0
1.0,1839785,DefaultVehicle,1836995,DefaultVehicle,2,4.17,15.01,0.95,15.05,0.04,65639.7,65807.6,65790.3,15642.87,19056.85,1,1.0
1.0,1828653,DefaultVehicle,1831443,DefaultVehicle,2,4.44,15.98,0.98,15.98,0.0,65790.7,65809.5,65796.1,16127.53,21886.26,1,1.0
1.0,1851762,DefaultVehicle,1847554,DefaultVehicle,11,5.77,20.77,0.95,3.53,24.3,65780.7,65804.5,65797.0,14826.73,19827.56,1,1.0
1.0,1881024,DefaultVehicle,1868017,DefaultVehicle,2,4.38,15.77,0.99,15.77,0.0,66339.0,66435.7,66372.6,15640.09,20953.56,1,1.0
1.0,1924360,DefaultVehicle,1924176,DefaultVehicle,2,4.26,15.34,0.96,15.34,0.0,67385.0,67423.6,67395.6,14949.36,22331.83,1,1.0
2.0,1337997,DefaultVehicle,1331492,DefaultVehicle,2,4.22,15.19,0.95,15.19,0.0,54390.5,54470.4,54395.1,17278.86,19397.26,2,1.0
2.0,1379636,DefaultVehicle,1382223,DefaultVehicle,2,4.24,15.26,0.98,15.26,0.0,55336.2,55370.3,55340.6,14569.62,20233.95,2,1.0
2.0,1392035,DefaultVehicle,1390123,DefaultVehicle,2,4.02,14.47,0.99,14.47,0.0,55771.6,55817.8,55803.0,16188.02,20662.96,2,1.0
2.0,1420309,F2,1422316,DefaultVehicle,11,1.45,5.22,0.86,17.42,22.64,56237.8,56258.4,56250.5,16535.69,21220.06,2,1.0
2.0,1488921,DefaultVehicle,1489488,DefaultVehicle,2,4.54,16.34,0.99,16.34,0.0,57919.0,57953.5,57924.2,15213.11,21230.14,2,1.0
2.0,1540685,DefaultVehicle,1536739,F2,2,4.49,16.16,0.95,16.16,0.0,58859.7,58878.2,58868.0,16615.32,20473.32,2,1.0
2.0,1547179,DefaultVehicle,1539424,DefaultVehicle,2,4.42,15.91,0.96,15.91,0.0,58962.9,58997.3,58970.1,15850.89,20852.97,2,1.0
2.0,1551281,DefaultVehicle,1543153,DefaultVehicle,2,4.56,16.42,0.98,16.42,0.0,59179.0,59205.7,59185.1,15225.42,21537.05,2,1.0
2.0,1561490,DefaultVehicle,1553463,DefaultVehicle,11,2.69,9.68,0.99,12.82,22.5,59242.6,59260.7,59254.0,17228.37,20466.8,2,1.0
2.0,1651645,DefaultVehicle,1638110,DefaultVehicle,2,4.42,15.91,0.97,15.91,0.0,61205.5,61246.8,61226.5,15305.65,19841.49,2,1.0
2.0,1696381,DefaultVehicle,1696084,DefaultVehicle,2,4.92,17.71,0.97,17.71,0.0,62129.0,62237.3,62199.0,16574.29,18997.43,2,1.0
2.0,1751276,F2,1750343,F2,2,4.24,15.26,0.96,15.26,0.0,63372.6,63526.2,63387.2,15379.28,19629.91,2,1.0
2.0,1746400,DefaultVehicle,1741858,DefaultVehicle,2,4.23,15.23,0.99,15.23,0.0,63413.0,63446.5,63417.1,16558.14,20404.08,2,1.0
2.0,1756325,DefaultVehicle,1761830,DefaultVehicle,11,9.42,33.91,0.71,14.58,48.49,63739.0,63749.7,63743.0,17080.29,19917.29,2,1.0
2.0,1772344,DefaultVehicle,1772973,DefaultVehicle,2,3.91,14.08,0.97,14.08,0.0,64124.3,64184.2,64128.7,16826.88,20871.54,2,1.0
2.0,1771724,DefaultVehicle,1778436,DefaultVehicle,11,7.45,26.82,0.96,3.56,30.38,64151.9,64166.1,64158.0,15275.85,20300.15,2,1.0
2.0,1794085,DefaultVehicle,1793330,DefaultVehicle,2,4.34,15.62,1.0,15.62,0.0,64304.9,64325.2,64308.7,16213.14,22413.54,2,1.0
2.0,1778691,DefaultVehicle,1787027,F2,2,3.79,13.64,1.0,13.64,0.0,64363.0,64413.9,64368.0,14999.93,20293.69,2,1.0
2.0,1812491,DefaultVehicle,1818261,DefaultVehicle,2,4.58,16.49,0.99,16.49,0.0,64932.8,65101.4,64936.9,15200.79,21236.87,2,1.0
2.0,1822502,DefaultVehicle,1819901,DefaultVehicle,2,4.28,15.41,0.97,15.41,0.0,65056.9,65130.9,65061.1,16841.92,19284.41,2,1.0
2.0,1822186,DefaultVehicle,1819531,DefaultVehicle,11,8.21,29.56,0.85,4.18,33.73,65156.9,65169.8,65162.0,16172.67,20377.82,2,1.0
2.0,1888076,DefaultVehicle,1883025,DefaultVehicle,2,4.43,15.95,0.96,15.95,0.0,66547.2,66641.3,66551.6,17278.86,19397.26,2,1.0
2.0,1889329,DefaultVehicle,1886609,DefaultVehicle,2,4.49,16.16,0.96,16.16,0.0,66539.7,66594.5,66570.3,16307.59,19350.09,2,1.0
2.0,1878273,DefaultVehicle,1884025,DefaultVehicle,11,4.49,16.16,0.8,21.28,37.44,66588.3,66610.5,66603.0,15632.42,20974.75,2,1.0
2.0,1940006,DefaultVehicle,1933522,DefaultVehicle,2,4.37,15.73,0.95,15.73,0.0,67791.9,67844.6,67796.0,16099.27,19761.27,2,1.0
3.0,1336680,DefaultVehicle,1335905,DefaultVehicle,2,4.41,15.88,0.98,15.88,0.0,54348.7,54368.9,54353.1,16189.63,20662.06,3,1.0
3.0,1337359,DefaultVehicle,1336870,DefaultVehicle,2,4.35,15.66,0.97,15.66,0.0,54505.6,54526.3,54510.5,17245.58,19415.71,3,1.0
3.0,1389179,DefaultVehicle,1388759,DefaultVehicle,2,3.89,14.0,0.98,14.0,0.0,55544.4,55558.0,55548.7,15691.14,22260.17,3,1.0
3.0,1400984,DefaultVehicle,1399166,F4,2,4.47,16.09,0.98,16.09,0.0,55743.8,55802.1,55748.9,15909.24,19770.78,3,1.0
3.0,1414970,DefaultVehicle,1412494,DefaultVehicle,2,4.35,15.66,0.98,15.66,0.0,56105.4,56270.9,56109.6,14806.97,19813.85,3,1.0
3.0,1427150,DefaultVehicle,1426892,DefaultVehicle,2,5.6,20.16,0.99,20.2,0.04,56286.0,56301.9,56296.0,14949.36,22331.83,3,1.0
3.0,1469771,DefaultVehicle,1469464,DefaultVehicle,2,4.21,15.16,0.96,15.16,0.0,57204.0,57235.3,57207.3,16325.15,21902.4,3,1.0
3.0,1480274,DefaultVehicle,1488561,F2,2,4.4,15.84,0.96,15.84,0.0,57653.9,57768.2,57658.0,16249.28,18969.05,3,1.0
3.0,1496605,F2,1494389,DefaultVehicle,13,2.54,9.14,0.89,18.5,9.36,57800.5,57820.3,57812.0,16197.29,22400.08,3,1.0
3.0,1495240,DefaultVehicle,1497950,DefaultVehicle,2,4.07,14.65,0.95,14.65,0.0,57845.9,57861.4,57851.2,16019.28,19063.0,3,1.0
3.0,1565611,F4,1564802,DefaultVehicle,2,4.15,14.94,1.0,15.05,0.11,59320.3,59450.7,59443.3,16287.68,18978.71,3,1.0
3.0,1614621,DefaultVehicle,1614502,DefaultVehicle,2,4.46,16.06,0.95,16.06,0.0,60605.5,60646.2,60610.8,16200.34,20394.1,3,1.0
3.0,1615128,DefaultVehicle,1615201,DefaultVehicle,2,4.28,15.41,1.0,15.41,0.0,60702.4,60718.0,60712.0,16969.3,19993.91,3,1.0
3.0,1645540,DefaultVehicle,1639979,DefaultVehicle,2,4.41,15.88,1.0,15.88,0.0,61115.7,61139.3,61119.8,17233.14,19086.34,3,1.0
3.0,1682838,DefaultVehicle,1675388,DefaultVehicle,2,4.43,15.95,1.0,15.95,0.0,61874.9,61947.5,61886.4,16872.12,20939.09,3,1.0
3.0,1741191,DefaultVehicle,1741131,DefaultVehicle,2,4.19,15.08,0.95,15.08,0.0,63159.2,63256.6,63164.0,17282.03,19396.89,3,1.0
3.0,1743136,DefaultVehicle,1736170,F2,2,4.57,16.45,0.97,16.45,0.0,63272.4,63441.8,63300.5,16151.67,20372.02,3,1.0
3.0,1772798,DefaultVehicle,1773591,F4,2,4.03,14.51,0.98,14.51,0.0,63856.4,63901.4,63865.1,17241.58,20482.58,3,1.0
3.0,1820234,DefaultVehicle,1817977,DefaultVehicle,2,4.56,16.42,0.99,16.42,0.0,64980.0,65179.3,64984.2,15299.56,20312.54,3,1.0
3.0,1825016,DefaultVehicle,1821857,F4,2,4.39,15.8,0.97,15.8,0.0,65089.7,65166.1,65114.1,15138.69,21230.59,3,1.0
3.0,1910707,DefaultVehicle,1910164,DefaultVehicle,2,4.14,14.9,0.97,14.9,0.0,67078.8,67107.2,67083.0,17382.93,19682.8,3,1.0
3.0,1912904,DefaultVehicle,1906997,DefaultVehicle,11,0.26,0.94,0.93,21.49,22.43,67199.4,67220.2,67213.0,15523.52,20330.14,3,1.0
3.0,1929754,DefaultVehicle,1927984,DefaultVehicle,2,4.25,15.3,0.97,15.3,0.0,67549.4,67596.3,67553.6,17278.07,19390.31,3,1.0
3.0,1950193,DefaultVehicle,1949786,DefaultVehicle,2,4.21,15.16,0.98,15.16,0.0,68155.7,68178.9,68159.9,17220.17,20504.06,3,1.0
3.0,1955523,DefaultVehicle,1949942,DefaultVehicle,2,4.07,14.65,0.97,14.65,0.0,68211.9,68260.2,68223.0,17278.86,19397.26,3,1.0
4.0,1353169,DefaultVehicle,1352886,DefaultVehicle,2,4.37,15.73,0.96,15.73,0.0,54887.1,55015.0,54891.4,15253.24,20287.62,4,1.0
4.0,1376729,DefaultVehicle,1376182,F2,2,4.06,14.62,0.95,14.62,0.0,55244.8,55302.9,55249.2,14978.56,20267.69,4,1.0
4.0,1410917,F2,1409893,DefaultVehicle,2,3.63,13.07,0.88,13.9,0.83,56012.0,56212.3,56179.4,16050.42,19116.29,4,1.0
4.0,1436202,DefaultVehicle,1440600,DefaultVehicle,2,5.33,19.19,1.0,19.19,0.0,56894.4,56912.0,56899.2,17209.89,20457.99,4,1.0
4.0,1451139,DefaultVehicle,1445983,DefaultVehicle,11,2.33,8.39,0.68,16.13,24.52,57004.5,57041.5,57034.0,16175.65,20384.69,4,1.0
4.0,1461514,F2,1461471,DefaultVehicle,2,3.96,14.26,0.83,14.26,0.0,57022.0,57100.4,57084.6,14655.7,19809.91,4,1.0
4.0,1520113,F2,1521925,DefaultVehicle,13,0.78,2.81,1.0,21.82,19.01,58454.1,58477.1,58470.5,14989.43,20284.89,4,1.0
4.0,1534824,DefaultVehicle,1531229,F2,2,4.44,15.98,1.0,15.98,0.0,58819.2,58831.9,58823.6,16278.62,21893.13,4,1.0
4.0,1538490,F2,1541120,DefaultVehicle,11,0.67,2.41,0.92,19.44,17.03,58810.0,58852.9,58846.0,14991.61,20276.14,4,1.0
4.0,1581921,DefaultVehicle,1580077,DefaultVehicle,2,4.45,16.02,1.0,16.02,0.0,59805.3,59831.8,59817.2,16588.67,20420.33,4,1.0
4.0,1591269,DefaultVehicle,1587297,DefaultVehicle,2,4.37,15.73,0.96,15.73,0.0,60136.9,60202.3,60141.1,16830.43,20877.57,4,1.0
4.0,1592429,DefaultVehicle,1589619,F2,2,4.14,14.9,0.97,14.9,0.0,60176.6,60301.5,60251.3,15296.82,20321.95,4,1.0
4.0,1594914,DefaultVehicle,1611555,DefaultVehicle,2,4.12,14.83,0.99,14.83,0.0,60365.0,60412.2,60369.0,17116.0,21475.14,4,1.0
4.0,1606973,DefaultVehicle,1617090,DefaultVehicle,2,4.2,15.12,0.96,15.16,0.04,60531.6,60576.1,60564.1,15426.64,19483.66,4,1.0
4.0,1668148,DefaultVehicle,1668931,F2,2,4.24,15.26,0.96,15.26,0.0,61558.2,61608.4,61578.4,16743.8,20436.37,4,1.0
4.0,1675537,DefaultVehicle,1678590,DefaultVehicle,2,4.5,16.2,0.99,16.2,0.0,61862.7,61972.1,61866.8,15621.43,21014.77,4,1.0
4.0,1688352,DefaultVehicle,1689680,DefaultVehicle,2,4.47,16.09,0.95,16.09,0.0,62214.4,62267.0,62221.0,16176.07,20379.2,4,1.0
4.0,1712198,DefaultVehicle,1699503,F2,2,4.34,15.62,0.99,15.62,0.0,62475.0,62501.0,62479.5,16315.85,21902.46,4,1.0
4.0,1756253,F2,1757582,DefaultVehicle,2,4.12,14.83,0.86,14.83,0.0,63717.4,63975.0,63882.6,15479.81,21902.05,4,1.0
4.0,1776782,F2,1776344,DefaultVehicle,2,4.32,15.55,0.94,15.55,0.0,63929.0,64080.1,63997.7,16612.07,19230.16,4,1.0
4.0,1784879,F2,1783664,F2,2,4.29,15.44,0.98,15.44,0.0,64132.0,64170.3,64160.7,16687.42,20477.96,4,1.0
4.0,1869938,DefaultVehicle,1859074,DefaultVehicle,11,2.7,9.72,0.84,13.28,23.0,66144.1,66184.6,66178.0,17228.37,20466.8,4,1.0
4.0,1881922,DefaultVehicle,1878168,DefaultVehicle,2,4.28,15.41,0.95,15.41,0.0,66365.6,66450.0,66434.5,17060.29,19922.14,4,1.0
4.0,1879456,DefaultVehicle,1874605,F2,2,4.32,15.55,0.95,15.55,0.0,66542.7,66625.0,66556.1,16457.84,21145.47,4,1.0
4.0,1914910,DefaultVehicle,1908928,DefaultVehicle,2,4.3,15.48,0.99,15.48,0.0,67272.7,67338.5,67277.2,16189.63,20662.06,4,1.0
5.0,1404421,DefaultVehicle,1400189,DefaultVehicle,2,4.56,16.42,0.99,16.42,0.0,55870.1,55940.1,55874.1,15253.24,20287.62,5,1.0
5.0,1406277,DefaultVehicle,1407492,F2,2,4.4,15.84,0.96,15.84,0.0,56161.4,56355.5,56256.4,16062.91,19417.82,5,1.0
5.0,1431805,F2,1418621,F4,11,3.72,13.39,0.88,18.11,31.5,56387.0,56412.0,56404.5,17235.52,19051.63,5,1.0
5.0,1442925,DefaultVehicle,1446518,F2,2,4.43,15.95,0.99,15.95,0.0,56952.2,57115.7,56960.1,15198.77,21237.97,5,1.0
5.0,1526159,DefaultVehicle,1525985,F4,2,4.26,15.34,0.98,15.34,0.0,58442.0,58519.0,58484.0,15023.1,22023.9,5,1.0
5.0,1551001,DefaultVehicle,1554843,DefaultVehicle,2,4.41,15.88,0.95,15.88,0.0,59133.0,59141.5,59137.5,16350.67,20410.01,5,1.0
5.0,1596438,DefaultVehicle,1595223,DefaultVehicle,2,4.34,15.62,0.97,15.62,0.0,59990.6,60041.4,59994.8,16856.71,19262.35,5,1.0
5.0,1595641,DefaultVehicle,1591888,F2,2,4.55,16.38,1.0,16.38,0.0,60028.9,60082.4,60034.6,15008.33,22229.87,5,1.0
5.0,1586599,DefaultVehicle,1588165,F2,2,3.96,14.26,0.98,14.26,0.0,60099.7,60182.0,60154.4,16599.04,20481.82,5,1.0
5.0,1643982,F2,1643237,F2,2,4.06,14.62,0.96,14.62,0.0,61001.7,61071.3,61011.5,17240.86,20472.88,5,1.0
5.0,1682792,DefaultVehicle,1681283,DefaultVehicle,2,4.37,15.73,0.95,15.73,0.0,61856.9,61941.6,61861.3,17382.93,19682.8,5,1.0
5.0,1696522,DefaultVehicle,1696642,DefaultVehicle,2,4.21,15.16,0.98,15.16,0.0,62211.6,62332.5,62215.9,17278.07,19390.31,5,1.0
5.0,1718067,DefaultVehicle,1717615,DefaultVehicle,2,5.01,18.04,0.97,18.04,0.0,62682.0,62767.8,62735.6,16722.78,20451.07,5,1.0
5.0,1735855,DefaultVehicle,1735537,F2,2,4.01,14.44,0.96,14.44,0.0,63169.6,63207.7,63174.2,15599.45,21899.52,5,1.0
5.0,1746682,DefaultVehicle,1746513,DefaultVehicle,2,4.5,16.2,0.96,16.2,0.0,63263.3,63282.9,63270.1,15789.56,19793.49,5,1.0
5.0,1757391,DefaultVehicle,1757242,F4,2,4.26,15.34,0.96,15.34,0.0,63546.3,63603.6,63550.9,15640.06,20954.36,5,1.0
5.0,1773419,DefaultVehicle,1773829,DefaultVehicle,2,4.19,15.08,0.97,15.08,0.0,63924.1,63964.3,63948.2,15245.99,20290.23,5,1.0
5.0,1789719,F2,1794855,F2,2,4.21,15.16,0.92,15.16,0.0,64351.8,64595.2,64513.1,15467.2,19423.92,5,1.0
5.0,1797980,DefaultVehicle,1803924,DefaultVehicle,2,4.29,15.44,0.98,15.44,0.0,64672.7,64692.5,64676.9,16236.31,20660.19,5,1.0
5.0,1892177,F4,1891084,DefaultVehicle,11,0.17,0.61,0.87,17.89,17.28,66615.3,66655.0,66648.0,14991.61,20276.14,5,1.0
5.0,1902074,DefaultVehicle,1901874,DefaultVehicle,2,4.31,15.52,1.0,15.52,0.0,66844.0,66945.6,66855.6,15460.3,19430.87,5,1.0
5.0,1904641,DefaultVehicle,1902652,DefaultVehicle,2,4.38,15.77,1.0,15.77,0.0,67093.7,67270.8,67098.0,15628.02,21071.15,5,1.0
5.0,1913969,DefaultVehicle,1914038,DefaultVehicle,2,4.39,15.8,0.96,15.8,0.0,67170.9,67229.5,67177.2,15346.79,21949.45,5,1.0
5.0,1907972,F2,1902722,DefaultVehicle,2,3.33,11.99,0.88,11.99,0.0,67200.4,67286.9,67241.8,15913.86,20832.69,5,1.0
5.0,1917318,DefaultVehicle,1915281,F4,2,3.35,12.06,1.0,12.06,0.0,67528.0,67546.4,67533.0,17233.03,19084.89,5,1.0
6.0,1324725,DefaultVehicle,1324677,F2,2,4.06,14.62,0.96,14.62,0.0,54096.9,54189.2,54123.3,17279.12,19399.54,6,1.0
6.0,1329579,F2,1330894,DefaultVehicle,2,3.81,13.72,0.96,13.72,0.0,54230.8,54449.6,54403.8,16134.28,20038.62,6,1.0
6.0,1395006,F2,1377539,DefaultVehicle,11,3.74,13.46,0.98,29.88,16.42,55706.9,55729.1,55715.0,16903.61,19642.2,6,1.0
6.0,1416223,DefaultVehicle,1419863,F2,2,4.44,15.98,0.95,15.98,0.0,56294.5,56337.7,56298.7,15139.98,21233.83,6,1.0
6.0,1489882,F2,1487624,DefaultVehicle,2,4.44,15.98,0.89,15.98,0.0,57697.6,57883.0,57797.7,17178.98,20116.33,6,1.0
6.0,1499283,F2,1499137,DefaultVehicle,2,4.59,16.52,0.9,16.67,0.14,57856.0,58030.9,57962.2,17089.39,19940.14,6,1.0
6.0,1540692,DefaultVehicle,1547326,F2,2,4.33,15.59,0.96,15.59,0.0,59118.1,59173.1,59123.7,15666.97,20979.04,6,1.0
6.0,1569414,DefaultVehicle,1576968,F2,2,4.5,16.2,1.0,16.2,0.0,59641.5,59670.5,59648.3,16623.55,19004.63,6,1.0
6.0,1585525,DefaultVehicle,1569839,DefaultVehicle,11,0.27,0.97,0.6,9.9,10.87,59842.5,59862.6,59850.0,15621.93,21903.86,6,1.0
6.0,1609979,DefaultVehicle,1609480,DefaultVehicle,2,4.1,14.76,0.99,14.76,0.0,60271.5,60315.6,60275.8,15460.3,19430.87,6,1.0
6.0,1603509,DefaultVehicle,1607173,DefaultVehicle,2,3.72,13.39,0.99,13.5,0.11,60358.3,60416.4,60388.3,15818.7,20365.56,6,1.0
6.0,1621259,DefaultVehicle,1619745,DefaultVehicle,11,2.6,9.36,0.87,15.23,24.59,60529.6,60552.6,60546.0,17228.37,20466.8,6,1.0
6.0,1622166,F2,1622151,DefaultVehicle,2,4.31,15.52,0.9,15.52,0.0,60527.0,60774.9,60655.9,16102.53,19709.2,6,1.0
6.0,1658308,DefaultVehicle,1659512,DefaultVehicle,2,4.36,15.7,0.97,15.7,0.0,61464.3,61486.9,61468.9,17220.17,20504.06,6,1.0
6.0,1692102,DefaultVehicle,1688878,F2,2,3.85,13.86,0.98,13.86,0.0,62298.0,62309.9,62304.0,15256.36,20768.6,6,1.0
6.0,1727358,F4,1725135,F4,11,7.27,26.17,0.91,19.15,45.32,62863.1,62875.0,62868.0,15668.77,22253.58,6,1.0
6.0,1758040,F4,1755136,DefaultVehicle,2,4.27,15.37,0.96,15.37,0.0,63492.2,63568.9,63553.0,14935.14,21194.12,6,1.0
6.0,1767008,DefaultVehicle,1765828,F2,2,4.15,14.94,0.96,14.94,0.0,63923.2,63942.9,63933.5,16877.52,20946.66,6,1.0
6.0,1821732,F2,1821029,F4,2,4.31,15.52,0.96,15.52,0.0,65048.0,65239.1,65154.0,16049.61,19116.11,6,1.0
6.0,1835484,F2,1835282,F2,2,4.18,15.05,0.91,15.05,0.0,65268.0,65372.5,65354.1,14658.01,19809.96,6,1.0
6.0,1863354,DefaultVehicle,1846316,F4,2,4.23,15.23,0.96,15.23,0.0,65935.6,65957.9,65955.0,16899.71,20060.94,6,1.0
6.0,1885895,DefaultVehicle,1876663,F2,2,4.27,15.37,0.97,15.37,0.0,66555.6,66610.3,66560.4,15639.99,20955.86,6,1.0
6.0,1912796,F4,1909450,F4,2,4.09,14.72,0.96,14.72,0.0,67103.0,67282.4,67242.4,15138.48,21233.79,6,1.0
6.0,1918965,DefaultVehicle,1926734,F4,2,4.34,15.62,0.97,15.62,0.0,67573.6,67631.1,67582.0,15298.31,20322.07,6,1.0
6.0,1941774,F4,1943656,DefaultVehicle,2,4.1,14.76,0.81,14.76,0.0,68076.2,68108.9,68099.7,16350.68,20410.01,6,1.0
7.0,1368920,F2,1371436,F2,11,0.3,1.08,0.93,19.44,20.52,55317.9,55374.4,55367.9,14991.6,20276.09,7,1.0
7.0,1395209,F2,1393869,DefaultVehicle,2,4.64,16.7,0.98,16.7,0.0,55908.6,56015.4,55957.0,16867.83,20933.07,7,1.0
7.0,1403509,DefaultVehicle,1404553,F4,2,4.25,15.3,0.96,15.3,0.0,55978.3,56171.1,56044.2,16206.26,20637.57,7,1.0
7.0,1448073,DefaultVehicle,1448087,DefaultVehicle,2,4.22,15.19,0.98,15.19,0.0,57027.7,57043.0,57032.5,16232.21,20662.49,7,1.0
7.0,1458953,DefaultVehicle,1472214,DefaultVehicle,2,4.01,14.44,0.97,14.44,0.0,57307.2,57330.7,57326.1,16849.46,19029.85,7,1.0
7.0,1508722,DefaultVehicle,1504441,DefaultVehicle,11,1.55,5.58,0.84,19.08,24.66,58181.4,58205.0,58198.0,15523.52,20330.14,7,1.0
7.0,1515005,DefaultVehicle,1514575,F2,2,4.47,16.09,0.97,16.09,0.0,58291.4,58413.1,58332.9,15161.77,21262.97,7,1.0
7.0,1532851,F2,1531142,DefaultVehicle,2,4.35,15.66,0.95,15.66,0.0,58660.7,58832.9,58739.9,16132.53,19994.2,7,1.0
7.0,1601963,DefaultVehicle,1599045,F2,2,4.44,15.98,0.98,15.98,0.0,60215.6,60321.2,60243.1,15790.95,20341.42,7,1.0
7.0,1606984,DefaultVehicle,1602323,DefaultVehicle,111,0.42,1.51,0.0,18.76,17.24,60284.4,60302.8,60302.5,15617.28,21899.8,7,1.0
7.0,1645048,F4,1628189,F4,11,0.55,1.98,0.96,20.7,22.68,61044.5,61061.9,61055.0,17228.37,20466.8,7,1.0
7.0,1645425,F4,1642175,DefaultVehicle,2,4.37,15.73,0.92,15.73,0.0,61045.4,61378.3,61118.0,15647.61,19057.5,7,1.0
7.0,1651345,F2,1652557,F4,2,4.07,14.65,0.93,14.65,0.0,61326.9,61351.0,61344.7,15507.65,20321.08,7,1.0
7.0,1676296,DefaultVehicle,1688002,DefaultVehicle,2,4.58,16.49,0.98,16.49,0.0,62005.7,62015.9,62009.7,16896.47,20982.5,7,1.0
7.0,1682526,F4,1679466,F2,2,3.99,14.36,0.74,14.36,0.0,62063.1,62171.7,62068.7,16722.45,20393.67,7,1.0
7.0,1718775,F4,1709753,F4,2,4.1,14.76,0.99,14.76,0.0,62738.6,62779.3,62746.1,16969.92,19993.41,7,1.0
7.0,1748749,DefaultVehicle,1748326,F4,11,3.43,12.35,0.98,27.86,40.21,63509.8,63530.6,63523.1,15628.59,20990.16,7,1.0
7.0,1764080,F2,1756784,DefaultVehicle,2,2.96,10.66,0.95,10.73,0.07,63660.6,63725.9,63677.6,15432.45,19470.9,7,1.0
7.0,1743841,F2,1718632,F4,2,4.04,14.54,0.91,14.54,0.0,63262.1,63948.3,63933.4,14190.25,19807.27,7,1.0
7.0,1772124,DefaultVehicle,1771468,DefaultVehicle,2,4.34,15.62,0.95,15.62,0.0,63862.2,63951.5,63936.2,15435.57,19483.46,7,1.0
7.0,1778800,DefaultVehicle,1793023,DefaultVehicle,2,4.18,15.05,0.97,15.05,0.0,64370.5,64380.9,64374.8,15662.86,22230.95,7,1.0
7.0,1801147,F2,1784466,DefaultVehicle,11,0.11,0.4,0.97,21.02,21.42,64511.3,64529.8,64522.6,15033.58,22009.72,7,1.0
7.0,1864083,F4,1872514,F4,2,4.03,14.51,0.96,14.51,0.0,66294.6,66450.2,66441.4,16860.71,20891.51,7,1.0
7.0,1902694,DefaultVehicle,1900725,F4,2,3.43,12.35,0.99,12.35,0.0,66982.3,66995.9,66987.0,15464.8,21066.67,7,1.0
7.0,1909630,DefaultVehicle,1910046,DefaultVehicle,2,4.85,17.46,0.99,17.46,0.0,67089.9,67100.0,67094.0,16896.47,20982.5,7,1.0
8.0,1322081,DefaultVehicle,1329163,F2,2,4.11,14.8,0.96,14.8,0.0,54255.6,54299.3,54260.3,16000.49,19045.01,8,1.0
8.0,1340457,F4,1332712,F4,11,1.33,4.79,0.96,20.7,25.49,54447.1,54460.7,54454.0,17228.37,20466.8,8,1.0
8.0,1342174,DefaultVehicle,1337513,F2,11,2.96,10.66,0.91,14.83,25.49,54492.6,54530.4,54523.5,14989.44,20284.94,8,1.0
8.0,1401251,DefaultVehicle,1394141,DefaultVehicle,2,4.35,15.66,0.96,15.66,0.0,55895.2,55923.1,55904.2,16588.67,20420.33,8,1.0
8.0,1424154,F4,1412856,F4,11,10.77,38.77,0.7,11.23,50.0,56295.9,56308.0,56302.0,15630.37,21059.13,8,1.0
8.0,1517770,DefaultVehicle,1517707,F4,2,3.63,13.07,0.98,13.07,0.0,58259.0,58377.4,58265.0,16317.35,21902.45,8,1.0
8.0,1521312,F2,1524152,F4,2,3.82,13.75,0.97,13.93,0.18,58418.2,58630.5,58557.3,17241.54,19407.64,8,1.0
8.0,1517834,F4,1534219,F2,111,13.89,50.0,0.0,50.0,0.0,58626.0,58634.0,58630.3,17127.8,21428.06,8,1.0
8.0,1610760,F2,1610536,F2,2,4.09,14.72,0.98,14.72,0.0,60661.0,60736.9,60674.8,14999.65,20296.88,8,1.0
8.0,1628106,F4,1633882,F4,2,4.29,15.44,0.95,15.44,0.0,60778.5,60850.0,60825.9,16896.11,20981.78,8,1.0
8.0,1662561,DefaultVehicle,1668583,F4,2,3.05,10.98,1.0,10.98,0.0,61584.9,61621.3,61590.0,16175.31,20418.44,8,1.0
8.0,1687906,F4,1690404,DefaultVehicle,2,4.38,15.77,0.91,15.8,0.04,61998.0,62082.4,62049.1,17313.55,20520.14,8,1.0
8.0,1711508,F2,1711406,F4,2,4.27,15.37,0.91,15.37,0.0,62489.3,62578.8,62511.6,17282.02,19396.8,8,1.0
8.0,1729434,F4,1729239,F2,2,5.42,19.51,0.99,19.76,0.25,62852.0,63070.5,62968.5,14824.78,19824.65,8,1.0
8.0,1753607,F2,1754304,DefaultVehicle,2,4.35,15.66,0.88,15.66,0.0,63536.9,63719.5,63659.0,15643.02,19056.87,8,1.0
8.0,1798060,DefaultVehicle,1797728,F2,2,4.47,16.09,0.99,16.09,0.0,64395.9,64590.2,64400.5,15462.19,19434.31,8,1.0
8.0,1840249,F2,1844656,F4,11,1.2,4.32,0.97,20.88,25.2,65649.1,65663.1,65656.0,15529.28,20324.06,8,1.0
8.0,1849441,F2,1845218,DefaultVehicle,2,3.91,14.08,0.86,14.08,0.0,65973.1,66069.2,66048.0,17309.24,20464.43,8,1.0
8.0,1871589,DefaultVehicle,1871188,F2,2,4.58,16.49,0.98,16.49,0.0,66480.1,66569.8,66542.9,17211.91,20461.26,8,1.0
8.0,1919729,DefaultVehicle,1919010,F4,2,4.59,16.52,0.99,16.52,0.0,67282.9,67299.8,67290.1,16034.42,19074.14,8,1.0
8.0,1938641,F4,1930344,F2,2,4.14,14.9,0.93,14.9,0.0,67783.9,67959.4,67827.6,15321.44,19785.26,8,1.0
8.0,1937607,DefaultVehicle,1937361,DefaultVehicle,2,4.53,16.31,1.0,16.31,0.0,67933.7,68142.9,67938.3,15506.85,20321.0,8,1.0
8.0,1947127,DefaultVehicle,1947002,F4,2,4.6,16.56,0.98,16.56,0.0,67955.0,68122.9,68023.7,15283.67,22316.03,8,1.0
8.0,1952193,F2,1945143,F2,11,0.71,2.56,0.92,19.04,21.6,68105.8,68120.0,68113.0,17228.35,20466.76,8,1.0
8.0,1949129,F2,1956312,F4,2,4.29,15.44,0.95,15.44,0.0,68189.0,68239.8,68223.1,16487.52,21147.63,8,1.0
9.0,1337761,DefaultVehicle,1333661,F4,2,4.36,15.7,1.0,15.7,0.0,54386.8,54485.3,54391.0,15900.4,21902.93,9,1.0
9.0,1340321,DefaultVehicle,1341042,F4,2,4.45,16.02,0.97,16.02,0.0,54457.1,54535.8,54489.6,15328.0,19785.17,9,1.0
9.0,1345013,DefaultVehicle,1337221,F2,2,4.4,15.84,0.95,15.84,0.0,54588.1,54628.6,54592.2,17212.19,20458.07,9,1.0
9.0,1403328,F4,1383535,F4,11,2.79,10.04,0.79,15.16,25.2,55802.2,55820.7,55813.0,14845.38,19440.87,9,1.0
9.0,1432880,F2,1432873,F2,2,4.39,15.8,0.65,17.17,1.37,56460.4,56521.8,56464.4,17280.41,19382.63,9,1.0
9.0,1510397,DefaultVehicle,1509727,F4,2,4.58,16.49,0.99,16.49,0.0,58140.1,58240.7,58144.2,14977.31,20264.38,9,1.0
9.0,1529916,DefaultVehicle,1525984,F2,2,4.2,15.12,0.95,15.12,0.0,58544.8,58639.5,58555.3,14814.0,19797.83,9,1.0
9.0,1625235,DefaultVehicle,1627912,DefaultVehicle,11,2.41,8.68,0.98,19.73,28.4,60856.7,60893.7,60884.0,15270.96,20306.65,9,1.0
9.0,1645010,DefaultVehicle,1644627,F2,2,5.02,18.07,0.96,18.07,0.0,61102.4,61218.1,61137.0,14689.6,19822.41,9,1.0
9.0,1652596,F4,1653955,F4,2,4.06,14.62,0.87,14.62,0.0,61437.4,61543.3,61529.0,15672.6,20972.22,9,1.0
9.0,1692778,F2,1692695,DefaultVehicle,2,4.25,15.3,0.92,15.3,0.0,62051.5,62338.6,62224.4,15328.17,19784.35,9,1.0
9.0,1744516,DefaultVehicle,1742300,F4,2,4.38,15.77,0.96,15.77,0.0,63340.3,63370.1,63344.9,14977.31,20264.38,9,1.0
9.0,1752858,F4,1757624,F2,11,1.63,5.87,0.88,17.89,23.76,63530.1,63552.4,63546.2,14991.6,20276.09,9,1.0
9.0,1771468,DefaultVehicle,1769853,F4,2,4.46,16.06,0.97,16.06,0.0,63852.0,63920.8,63869.0,15635.39,19653.1,9,1.0
9.0,1768372,F4,1774652,F4,2,3.99,14.36,0.96,14.36,0.0,63942.9,63977.9,63959.3,15138.69,21230.59,9,1.0
9.0,1770011,F4,1772230,DefaultVehicle,2,4.74,17.06,0.93,17.06,0.0,63990.6,64089.8,64025.0,16830.22,20877.21,9,1.0
9.0,1794327,DefaultVehicle,1793209,F4,2,4.52,16.27,1.0,16.27,0.0,64300.0,64328.8,64312.1,16034.42,19074.14,9,1.0
9.0,1812615,F4,1800588,F4,11,1.25,4.5,0.96,20.7,25.2,64794.4,64808.7,64802.0,17228.37,20466.8,9,1.0
9.0,1812687,DefaultVehicle,1812592,DefaultVehicle,2,4.74,17.06,0.98,17.46,0.4,64732.0,64874.9,64806.2,16900.35,19613.33,9,1.0
9.0,1825079,DefaultVehicle,1825669,F2,2,4.38,15.77,0.98,15.77,0.0,65037.0,65089.6,65058.4,14851.06,19430.12,9,1.0
9.0,1812208,DefaultVehicle,1819269,F4,2,4.36,15.7,0.95,15.7,0.0,65045.0,65150.5,65083.6,14691.1,19822.46,9,1.0
9.0,1840346,DefaultVehicle,1845735,F4,2,4.42,15.91,0.95,15.91,0.0,65594.5,65704.6,65598.8,15999.29,19045.92,9,1.0
9.0,1860509,F4,1858986,DefaultVehicle,2,4.35,15.66,0.97,15.66,0.0,66021.5,66138.9,66123.4,15646.42,20558.73,9,1.0
9.0,1895049,DefaultVehicle,1894747,F2,2,4.39,15.8,0.95,15.8,0.0,66670.0,66686.3,66675.0,17336.51,20487.51,9,1.0
9.0,1933026,F2,1944572,F2,11,0.3,1.08,0.93,19.44,20.52,68035.4,68064.5,68058.0,14991.6,20276.09,9,1.0
10.0,1353864,F2,1355882,F2,2,4.16,14.98,0.98,14.98,0.0,54868.0,54893.6,54888.4,15786.95,20334.68,10,1.0
10.0,1343071,F4,1348409,F4,2,4.34,15.62,0.97,15.62,0.0,54701.3,54933.9,54897.3,16581.0,18997.96,10,1.0
10.0,1440175,F4,1419297,F4,11,1.25,4.5,0.96,20.7,25.2,56583.5,56617.7,56611.0,17228.37,20466.8,10,1.0
10.0,1465737,F4,1464636,F2,11,0.25,0.9,0.97,20.7,21.6,57134.5,57159.0,57152.0,17228.35,20466.76,10,1.0
10.0,1520719,F2,1505025,F4,11,3.72,13.39,0.88,18.11,31.5,58332.9,58351.0,58343.5,17235.52,19051.63,10,1.0
10.0,1557895,F2,1559158,F4,2,4.21,15.16,0.94,15.16,0.0,59292.4,59407.3,59361.7,15507.65,20321.08,10,1.0
10.0,1588405,F4,1573279,F2,11,0.25,0.9,0.97,20.7,21.6,59837.6,59854.0,59847.0,17228.35,20466.76,10,1.0
10.0,1603568,F4,1603505,F2,2,4.27,15.37,0.94,15.37,0.0,60125.0,60211.9,60169.3,14416.92,19802.32,10,1.0
10.0,1605223,F4,1605889,F2,2,3.97,14.29,0.97,14.29,0.0,60568.4,60616.4,60592.3,14618.5,20265.69,10,1.0
10.0,1632204,F2,1629930,F2,2,4.22,15.19,0.95,15.19,0.0,60846.9,60875.0,60867.4,15790.95,20341.42,10,1.0
10.0,1637704,F2,1629403,F2,2,4.24,15.26,0.97,15.26,0.0,60872.4,61028.0,61009.7,16582.5,18998.07,10,1.0
10.0,1689399,F4,1690550,F2,2,4.08,14.69,0.9,14.69,0.0,62220.6,62254.7,62252.1,16725.16,20391.97,10,1.0
10.0,1708593,F2,1691842,F4,11,3.02,10.87,0.96,20.63,31.5,62435.2,62454.9,62448.5,14668.94,19820.7,10,1.0
10.0,1739310,F2,1736229,F2,2,4.11,14.8,0.95,14.8,0.0,63082.2,63258.1,63163.9,16010.84,19091.46,10,1.0
10.0,1729060,F4,1729351,F2,2,4.0,14.4,0.96,14.4,0.0,63193.6,63216.9,63201.4,16599.04,20481.82,10,1.0
10.0,1809181,F4,1808882,F4,2,3.9,14.04,0.81,14.04,0.0,64655.4,64917.8,64690.2,17280.08,19379.66,10,1.0
10.0,1819900,F4,1809657,F4,11,8.14,29.3,0.96,20.7,50.0,64992.1,65001.8,64995.0,17228.37,20466.8,10,1.0
10.0,1859154,F2,1853708,F2,2,3.9,14.04,0.87,14.04,0.0,66010.1,66047.8,66013.2,16588.76,20419.1,10,1.0
10.0,1865373,F2,1865007,F4,2,4.25,15.3,0.95,15.3,0.0,65997.2,66101.2,66019.7,17282.02,19396.8,10,1.0
10.0,1860570,F2,1866049,F4,11,1.6,5.76,0.92,19.44,25.2,66071.8,66090.2,66084.0,14991.61,20276.14,10,1.0
10.0,1865882,F4,1876412,F2,11,0.66,2.38,0.96,17.06,19.44,66315.2,66372.4,66365.8,14991.6,20276.09,10,1.0
10.0,1874179,F4,1876848,F2,2,3.85,13.86,0.99,13.86,0.0,66644.3,66675.1,66662.0,16570.06,20407.68,10,1.0
10.0,1900432,F2,1902074,F4,2,3.74,13.46,0.97,13.46,0.0,66877.3,66910.8,66891.0,15372.48,19648.47,10,1.0
10.0,1896847,F4,1904796,F2,111,13.89,50.0,0.0,50.0,0.0,66928.5,66936.5,66932.8,17127.79,21428.04,10,1.0
10.0,1933988,F4,1934256,F2,11,3.05,10.98,0.9,25.2,14.22,67633.8,67657.4,67647.0,17321.14,20480.83,10,1.0
11.0,1324225,F2,1324584,F2,2,3.94,14.18,0.95,14.18,0.0,54159.4,54234.3,54187.4,15509.97,20311.65,11,1.0
11.0,1338499,F4,1326303,F2,11,0.25,0.9,0.97,20.7,21.6,54389.5,54410.0,54403.0,17228.35,20466.76,11,1.0
11.0,1399191,F4,1399092,F2,2,4.26,15.34,0.73,15.34,0.0,55692.1,55785.5,55731.0,17280.41,19382.57,11,1.0
11.0,1463146,F2,1452844,F4,11,3.72,13.39,0.88,18.11,31.5,57062.0,57087.0,57079.5,17235.52,19051.63,11,1.0
11.0,1456039,F2,1461660,F4,11,1.6,5.76,0.92,19.44,25.2,57130.9,57160.2,57154.0,14991.61,20276.14,11,1.0
11.0,1467233,F2,1480304,F2,11,0.6,2.16,0.93,19.44,21.6,57483.2,57536.4,57530.0,14991.6,20276.09,11,1.0
11.0,1491093,F2,1490566,F4,11,4.02,14.47,0.89,18.5,32.98,57683.1,57696.8,57690.0,16197.29,22400.08,11,1.0
11.0,1508143,F2,1512224,F2,2,4.94,17.78,0.98,17.78,0.0,58292.0,58309.0,58303.0,16158.42,20369.29,11,1.0
11.0,1536968,F2,1536815,F2,2,4.49,16.16,0.97,16.16,0.0,58677.0,58709.9,58697.7,17115.37,19056.48,11,1.0
11.0,1535111,F2,1536772,F2,11,1.87,6.73,0.96,20.27,27.0,58766.1,58784.3,58775.5,15100.8,19817.5,11,1.0
11.0,1567368,F4,1545719,F2,11,0.25,0.9,0.97,20.7,21.6,59373.5,59393.0,59386.0,17228.35,20466.76,11,1.0
11.0,1590660,F2,1592707,F2,2,4.42,15.91,0.98,15.91,0.0,59960.6,60121.8,60090.6,17088.49,19937.91,11,1.0
11.0,1673340,F4,1665164,F2,11,1.03,3.71,0.88,17.89,21.6,61643.8,61672.4,61666.0,14991.6,20276.09,11,1.0
11.0,1679140,F4,1681724,F4,13,1.84,6.62,0.97,20.84,14.22,61828.8,61851.6,61844.0,15659.03,22260.1,11,1.0
11.0,1724364,F2,1719140,F2,2,3.94,14.18,1.0,14.18,0.0,62873.0,62915.7,62893.3,15790.95,20341.42,11,1.0
11.0,1732581,F2,1731392,F2,2,4.32,15.55,0.96,15.55,0.0,63097.3,63116.0,63109.6,16328.66,20380.86,11,1.0
11.0,1732196,F4,1729791,F2,11,0.02,0.07,0.96,20.45,20.52,63105.7,63119.8,63112.9,15803.0,20353.74,11,1.0
11.0,1732196,F4,1726671,F2,11,0.02,0.07,0.96,20.45,20.52,63105.7,63119.8,63112.9,15803.0,20353.74,11,1.0
11.0,1752701,F2,1752408,F2,2,4.04,14.54,0.91,14.54,0.0,63363.0,63468.7,63419.2,14412.39,19802.23,11,1.0
11.0,1830635,F2,1830552,F2,2,4.23,15.23,0.97,15.23,0.0,65153.2,65310.8,65241.4,14809.18,19817.14,11,1.0
11.0,1843017,F2,1842945,F4,2,4.25,15.3,0.96,15.3,0.0,65500.6,65560.5,65536.7,16747.35,20438.93,11,1.0
11.0,1873592,F2,1873561,F2,2,4.51,16.24,0.98,16.24,0.0,66187.2,66441.0,66292.8,17088.49,19937.91,11,1.0
11.0,1894078,F2,1879865,F4,11,2.91,10.48,0.97,21.02,31.5,66690.4,66706.9,66700.5,15033.58,22009.72,11,1.0
11.0,1921973,F2,1922279,F4,11,1.86,6.7,0.97,21.02,27.72,67365.3,67387.2,67380.5,15033.58,22009.72,11,1.0
11.0,1951256,F4,1949752,F4,111,2.45,8.82,0.0,8.82,0.0,68101.9,68189.2,68135.7,14290.09,21148.57,11,1.0
12.0,1367595,F2,1368760,F2,2,3.59,12.92,0.99,12.92,0.0,55088.6,55135.0,55102.0,15374.06,19644.16,12,1.0
12.0,1430453,F2,1417688,F2,11,2.13,7.67,0.93,18.25,25.92,56402.8,56422.8,56415.4,16535.68,21220.01,12,1.0
12.0,1462276,F4,1458258,F2,2,3.89,14.0,0.99,14.0,0.0,57049.1,57085.2,57058.8,17085.64,19033.74,12,1.0
12.0,1509771,F2,1502314,F4,11,2.91,10.48,0.97,21.02,31.5,58155.7,58178.9,58172.5,15033.58,22009.72,12,1.0
12.0,1509463,F4,1509345,F4,2,4.01,14.44,0.96,14.44,0.0,58329.2,58426.8,58365.0,16830.84,20878.26,12,1.0
12.0,1522961,F4,1516840,F2,11,4.81,17.32,0.97,18.9,36.22,58389.1,58401.2,58394.5,16134.76,20024.84,12,1.0
12.0,1514084,F4,1518033,F4,2,4.0,14.4,1.0,14.4,0.0,58389.2,58409.9,58398.2,15253.77,20290.87,12,1.0
12.0,1543351,F4,1541856,F4,2,4.27,15.37,0.94,15.37,0.0,59051.9,59262.6,59080.8,16208.32,20665.63,12,1.0
12.0,1593208,F4,1594812,F4,2,4.27,15.37,0.98,15.37,0.0,60070.0,60132.9,60097.5,16156.69,20372.37,12,1.0
12.0,1618699,F2,1644809,F4,11,2.85,10.26,0.98,21.24,31.5,61017.6,61041.4,61031.5,17239.73,19065.78,12,1.0
12.0,1658862,F4,1662604,F4,2,4.16,14.98,0.8,14.98,0.0,61504.8,61531.9,61508.9,16614.58,20476.62,12,1.0
12.0,1691698,F4,1673170,F4,11,1.25,4.5,0.96,20.7,25.2,62034.8,62071.7,62065.0,17228.37,20466.8,12,1.0
12.0,1714322,F4,1730537,F4,111,13.89,50.0,0.0,50.0,0.0,62898.3,62906.3,62902.7,17128.07,21428.6,12,1.0
12.0,1734406,F4,1734276,F2,2,4.24,15.26,0.98,15.26,0.0,62964.6,63038.6,62999.7,14416.92,19802.32,12,1.0
12.0,1743447,F4,1754605,F4,11,1.68,6.05,0.87,17.89,23.94,63506.6,63552.2,63545.9,14991.61,20276.14,12,1.0
12.0,1750551,F4,1750696,F4,2,4.3,15.48,0.97,15.48,0.0,63574.1,63657.9,63592.4,15298.31,20322.07,12,1.0
12.0,1763070,F4,1762733,F2,2,4.17,15.01,0.99,15.01,0.0,63611.6,63651.7,63634.4,17279.12,19399.54,12,1.0
12.0,1797413,F2,1778000,F4,11,3.26,11.74,0.88,18.07,29.81,64488.6,64508.7,64500.5,14284.08,21179.89,12,1.0
12.0,1856134,F4,1835282,F4,11,1.25,4.5,0.96,20.7,25.2,65782.7,65797.7,65791.0,17228.37,20466.8,12,1.0
12.0,1886845,F2,1893273,F2,111,0.57,2.05,0.0,20.2,18.14,66728.3,66758.0,66748.9,17083.21,19920.8,12,1.0
12.0,1904881,F4,1906472,F4,2,4.19,15.08,0.92,15.08,0.0,66990.7,67274.8,67138.3,17091.31,19944.89,12,1.0
12.0,1929117,F2,1922773,F4,11,3.72,13.39,0.88,18.11,31.5,67518.0,67546.0,67538.5,17235.52,19051.63,12,1.0
12.0,1931259,F4,1929070,F4,2,4.44,15.98,0.96,15.98,0.0,67674.8,67693.8,67684.8,15789.2,20344.49,12,1.0
12.0,1938051,F4,1938075,F4,2,4.12,14.83,0.96,14.83,0.0,67856.5,67911.2,67875.9,15464.8,21066.67,12,1.0
12.0,1958190,F2,1954634,F2,11,1.68,6.05,0.98,20.95,27.0,68263.7,68285.4,68278.5,15529.25,20324.02,12,1.0
